number,old_definition,word,translation,definition,example_sentences,part_of_speech,collocations
1301,泛指各種機具、器械。[例]機械可以完成很多人力做不到的工作。,跡象,Various machines and equipment; refers to tools and devices used to perform work.,泛指各種機具和器械，通常用來完成人力無法做到的工作。,工廠裡的先進自動機械，提高了生產效率，減少了人力成本。 / 在這堂課上，學生們學習如何操作各種機械，並了解它們的工作原理。 / 他們正在設計一款新型的農業機械，目的是幫助農民更有效率地耕作。 / 機械維修師傅，正細心檢查每一個零件，確保設備運行正常。 / 無論是在工業還是日常生活中，機械的應用無處不在，影響著人們的生活方式。 / 這台精密機械能夠完成許多人手無法達成的細緻工作，提高了製造業的品質。 / 在科學展覽上，學生們展示了他們的創意機械，吸引了許多觀眾的目光。 / 透過學習機械工程，學生們希望能夠設計出更環保的機械設備，減少能源消耗。 / 許多企業採用新型建築機械，以加快建設進程，提升工程的安全性和效率。 / 機械自動化的趨勢，使得傳統產業面臨轉型的挑戰，迫使他們尋找新的發展方向。 / 機械的發展不僅促進了經濟增長，也改變了人們的生活習慣，使工作更加便利。,n,自動機械 / 精密機械 / 建築機械 / 農業機械 / 工業機械 / 機械維修 / 機械操作 / 機械設計 / 機械工程 / 機械設備
1302,泛指各種機具、器械。[例]機械可以完成很多人力做不到的工作。,譏笑,Various machines and equipment; refers to tools and devices used to perform work.,泛指各種機具和器械，通常用來完成人力無法做到的工作。,工廠裡的先進自動機械，提高了生產效率，減少了人力成本。 / 在這堂課上，學生們學習如何操作各種機械，並了解它們的工作原理。 / 他們正在設計一款新型的農業機械，目的是幫助農民更有效率地耕作。 / 機械維修師傅，正細心檢查每一個零件，確保設備運行正常。 / 無論是在工業還是日常生活中，機械的應用無處不在，影響著人們的生活方式。 / 這台精密機械能夠完成許多人手無法達成的細緻工作，提高了製造業的品質。 / 在科學展覽上，學生們展示了他們的創意機械，吸引了許多觀眾的目光。 / 透過學習機械工程，學生們希望能夠設計出更環保的機械設備，減少能源消耗。 / 許多企業採用新型建築機械，以加快建設進程，提升工程的安全性和效率。 / 機械自動化的趨勢，使得傳統產業面臨轉型的挑戰，迫使他們尋找新的發展方向。 / 機械的發展不僅促進了經濟增長，也改變了人們的生活習慣，使工作更加便利。,n,自動機械 / 精密機械 / 建築機械 / 農業機械 / 工業機械 / 機械維修 / 機械操作 / 機械設計 / 機械工程 / 機械設備
1303,泛指各種機具、器械。[例]機械可以完成很多人力做不到的工作。,機械,Various machines and equipment; refers to tools and devices used to perform work.,泛指各種機具和器械，通常用來完成人力無法做到的工作。,工廠裡的先進自動機械，提高了生產效率，減少了人力成本。 / 在這堂課上，學生們學習如何操作各種機械，並了解它們的工作原理。 / 他們正在設計一款新型的農業機械，目的是幫助農民更有效率地耕作。 / 機械維修師傅，正細心檢查每一個零件，確保設備運行正常。 / 無論是在工業還是日常生活中，機械的應用無處不在，影響著人們的生活方式。 / 這台精密機械能夠完成許多人手無法達成的細緻工作，提高了製造業的品質。 / 在科學展覽上，學生們展示了他們的創意機械，吸引了許多觀眾的目光。 / 透過學習機械工程，學生們希望能夠設計出更環保的機械設備，減少能源消耗。 / 許多企業採用新型建築機械，以加快建設進程，提升工程的安全性和效率。 / 機械自動化的趨勢，使得傳統產業面臨轉型的挑戰，迫使他們尋找新的發展方向。 / 機械的發展不僅促進了經濟增長，也改變了人們的生活習慣，使工作更加便利。,n,自動機械 / 精密機械 / 建築機械 / 農業機械 / 工業機械 / 機械維修 / 機械操作 / 機械設計 / 機械工程 / 機械設備
1304,生物體的某部分發育不正常。[例]他先天雙腳畸形，要靠輪椅才能行動。,畸形,Abnormal; referring to a condition where a part of a living organism is poorly developed or misshapen.,某部分發育不正常，形狀或功能異常。,他出生時就有先天性的畸形，右手只剩下三根手指。 / 醫生檢查後發現她的心臟有畸形，需要進行手術來修復。 / 這隻小狗因為遺傳問題，後腿畸形，無法正常行走。 / 這幅畫的構圖雖然看起來有些畸形，但卻表達出獨特的情感。 / 在醫學研究中，科學家們專注於了解畸形的形成原因和治療方法。 / 先天性畸形的兒童需要特別的照顧和支持，以幫助他們適應生活。 / 他的小腿因為先天畸形，長大後必須裝上義肢才能行走。 / 醫院專門設立了畸形矯正診所，幫助患者改善生活質量。 / 許多藝術作品中探索了畸形與美之間的關係，挑戰傳統審美觀。 / 志願者們定期來到福利院，陪伴那些身有畸形的孩子，帶給他們歡樂。 / 畸形的脊椎讓他的生活充滿挑戰，但他依然樂觀面對每一天。,n,畸形的肢體 / 畸形的生物 / 先天性畸形 / 腦部畸形 / 畸形的器官 / 畸形的胎兒 / 畸形的心臟 / 畸形的骨骼 / 認識畸形 / 治療畸形
1304,反常或不合常理。[例]拜金主義是一種畸形的社會現象。,畸形,Abnormal or irrational; referring to something that deviates from the norm.,指的是反常或不合常理的現象或事物。,社會上存在著一些畸形的性別觀念，影響著年輕人的人生選擇。 / 畸形的競爭讓許多人不得不付出過高的代價，才有機會進入知名企業。 / 他們之間的畸形關係讓朋友之間的互動變得緊張而不安。 / 異常的消費習慣是畸形的市場需求所造成的，商家應該重新評估這種現象。 / 在這個畸形的社會體系中，許多優秀的人才被迫選擇放棄自己的理想。 / 畸形的價值觀使得不少年輕人迷失了方向，無法正確看待成功與失敗。 / 當前的教育體制過於競爭，導致畸形的學習壓力影響學生的心理健康。 / 在這種畸形的工作環境裡，員工們不得不忍受不合理的加班制度，影響了生活品質。 / 社交媒體的影響力日益增強，卻也催生了許多畸形的人際交往模式。 / 畸形的環保政策讓企業在發展與保護之間難以找到平衡，造成了嚴重的生態問題。 / 這種畸形的家庭教育方式，使孩子在成長過程中失去了應有的自由與探索機會。,n,畸形的社會現象 / 畸形的價值觀 / 畸形的行為 / 畸形的思想 / 畸形的關係 / 畸形的需求 / 畸形的競爭 / 畸形的發展 / 畸形的產業 / 畸形的現象
1305,生物體的某部分發育不正常。[例]他先天雙腳畸形，要靠輪椅才能行動。,記敘,Abnormal; referring to a condition where a part of a living organism is poorly developed or misshapen.,某部分發育不正常，形狀或功能異常。,他出生時就有先天性的畸形，右手只剩下三根手指。 / 醫生檢查後發現她的心臟有畸形，需要進行手術來修復。 / 這隻小狗因為遺傳問題，後腿畸形，無法正常行走。 / 這幅畫的構圖雖然看起來有些畸形，但卻表達出獨特的情感。 / 在醫學研究中，科學家們專注於了解畸形的形成原因和治療方法。 / 先天性畸形的兒童需要特別的照顧和支持，以幫助他們適應生活。 / 他的小腿因為先天畸形，長大後必須裝上義肢才能行走。 / 醫院專門設立了畸形矯正診所，幫助患者改善生活質量。 / 許多藝術作品中探索了畸形與美之間的關係，挑戰傳統審美觀。 / 志願者們定期來到福利院，陪伴那些身有畸形的孩子，帶給他們歡樂。 / 畸形的脊椎讓他的生活充滿挑戰，但他依然樂觀面對每一天。,n,畸形的肢體 / 畸形的生物 / 先天性畸形 / 腦部畸形 / 畸形的器官 / 畸形的胎兒 / 畸形的心臟 / 畸形的骨骼 / 認識畸形 / 治療畸形
1306,講究技巧性的表演藝術或手藝。[例]要學會任何一項特殊的技藝，都必須花費相當的苦心與時間。,積蓄,"A skillful or artistic technique, often requiring a high level of skill and precision in performance or craftsmanship.",講究技巧性的表演藝術或手藝。,在比賽中，選手們用精湛的技藝讓觀眾驚嘆不已。 / 為了提高舞蹈的表現力，老師們經常強調技藝與情感的結合。 / 學習陶藝雖然困難，但每當看到自己的作品時，心中的成就感讓一切努力都值得。 / 這位畫家的獨特技藝吸引了不少藝術愛好者前來欣賞。 / 透過不斷的練習，學生們的書法技藝逐漸達到了老師的期望。 / 在每年的樂器演奏比賽中，參賽者都展示了他們非凡的音樂技藝，讓評審驚艷。 / 這名廚師以其高超的技藝和創新的菜肴，贏得了全球食客的喜愛。 / 在電影拍攝過程中，演員們的精湛技藝為角色賦予了生命，讓觀眾感同身受。 / 老師常說，掌握一項傳統技藝需要的不僅是時間，還要有對藝術的熱愛。 / 這本手工藝書詳盡地介紹了各種技藝的技巧，讓初學者也能輕鬆上手。 / 隨著科技的進步，許多古老的技藝面臨失傳的風險，需要人們更努力地去保護和傳承。,n,精湛的技藝 / 高超的技藝 / 傳統的技藝 / 學習技藝 / 磨練技藝 / 展現技藝 / 追求技藝 / 發揮技藝 / 專業的技藝 / 獨特的技藝
1307,講究技巧性的表演藝術或手藝。[例]要學會任何一項特殊的技藝，都必須花費相當的苦心與時間。,技藝,"A skillful or artistic technique, often requiring a high level of skill and precision in performance or craftsmanship.",講究技巧性的表演藝術或手藝。,在比賽中，選手們用精湛的技藝讓觀眾驚嘆不已。 / 為了提高舞蹈的表現力，老師們經常強調技藝與情感的結合。 / 學習陶藝雖然困難，但每當看到自己的作品時，心中的成就感讓一切努力都值得。 / 這位畫家的獨特技藝吸引了不少藝術愛好者前來欣賞。 / 透過不斷的練習，學生們的書法技藝逐漸達到了老師的期望。 / 在每年的樂器演奏比賽中，參賽者都展示了他們非凡的音樂技藝，讓評審驚艷。 / 這名廚師以其高超的技藝和創新的菜肴，贏得了全球食客的喜愛。 / 在電影拍攝過程中，演員們的精湛技藝為角色賦予了生命，讓觀眾感同身受。 / 老師常說，掌握一項傳統技藝需要的不僅是時間，還要有對藝術的熱愛。 / 這本手工藝書詳盡地介紹了各種技藝的技巧，讓初學者也能輕鬆上手。 / 隨著科技的進步，許多古老的技藝面臨失傳的風險，需要人們更努力地去保護和傳承。,n,精湛的技藝 / 高超的技藝 / 傳統的技藝 / 學習技藝 / 磨練技藝 / 展現技藝 / 追求技藝 / 發揮技藝 / 專業的技藝 / 獨特的技藝
1308,講究技巧性的表演藝術或手藝。[例]要學會任何一項特殊的技藝，都必須花費相當的苦心與時間。,記憶體,"A skillful or artistic technique, often requiring a high level of skill and precision in performance or craftsmanship.",講究技巧性的表演藝術或手藝。,在比賽中，選手們用精湛的技藝讓觀眾驚嘆不已。 / 為了提高舞蹈的表現力，老師們經常強調技藝與情感的結合。 / 學習陶藝雖然困難，但每當看到自己的作品時，心中的成就感讓一切努力都值得。 / 這位畫家的獨特技藝吸引了不少藝術愛好者前來欣賞。 / 透過不斷的練習，學生們的書法技藝逐漸達到了老師的期望。 / 在每年的樂器演奏比賽中，參賽者都展示了他們非凡的音樂技藝，讓評審驚艷。 / 這名廚師以其高超的技藝和創新的菜肴，贏得了全球食客的喜愛。 / 在電影拍攝過程中，演員們的精湛技藝為角色賦予了生命，讓觀眾感同身受。 / 老師常說，掌握一項傳統技藝需要的不僅是時間，還要有對藝術的熱愛。 / 這本手工藝書詳盡地介紹了各種技藝的技巧，讓初學者也能輕鬆上手。 / 隨著科技的進步，許多古老的技藝面臨失傳的風險，需要人們更努力地去保護和傳承。,n,精湛的技藝 / 高超的技藝 / 傳統的技藝 / 學習技藝 / 磨練技藝 / 展現技藝 / 追求技藝 / 發揮技藝 / 專業的技藝 / 獨特的技藝
1309,講究技巧性的表演藝術或手藝。[例]要學會任何一項特殊的技藝，都必須花費相當的苦心與時間。,集郵,"A skillful or artistic technique, often requiring a high level of skill and precision in performance or craftsmanship.",講究技巧性的表演藝術或手藝。,在比賽中，選手們用精湛的技藝讓觀眾驚嘆不已。 / 為了提高舞蹈的表現力，老師們經常強調技藝與情感的結合。 / 學習陶藝雖然困難，但每當看到自己的作品時，心中的成就感讓一切努力都值得。 / 這位畫家的獨特技藝吸引了不少藝術愛好者前來欣賞。 / 透過不斷的練習，學生們的書法技藝逐漸達到了老師的期望。 / 在每年的樂器演奏比賽中，參賽者都展示了他們非凡的音樂技藝，讓評審驚艷。 / 這名廚師以其高超的技藝和創新的菜肴，贏得了全球食客的喜愛。 / 在電影拍攝過程中，演員們的精湛技藝為角色賦予了生命，讓觀眾感同身受。 / 老師常說，掌握一項傳統技藝需要的不僅是時間，還要有對藝術的熱愛。 / 這本手工藝書詳盡地介紹了各種技藝的技巧，讓初學者也能輕鬆上手。 / 隨著科技的進步，許多古老的技藝面臨失傳的風險，需要人們更努力地去保護和傳承。,n,精湛的技藝 / 高超的技藝 / 傳統的技藝 / 學習技藝 / 磨練技藝 / 展現技藝 / 追求技藝 / 發揮技藝 / 專業的技藝 / 獨特的技藝
1310,,急於,Eager or anxious to do something; having a strong desire to act quickly.,急於指的是迫切希望或急切想要做某件事，通常帶有強烈的想要達成某個目標的心情。,她急於找到答案，於是沉迷於研究那些學術文章。 / 面對即將來臨的考試，他急於複習所有的內容，以免忘記重點。 / 老闆急於提升業績，因此要求團隊加班處理客戶的需求。 / 在父母的期待下，他感到急於證明自己的能力。 / 她急於與朋友分享這個好消息，幾乎是立即發了訊息。 / 他急於表現自己的才能，卻常常忽略了團隊合作的重要性。 / 因為工作壓力大，主管急於尋找解決方案，以減輕團隊的負擔。 / 在產品發布之前，技術團隊急於修正所有的錯誤，以確保品質。 / 她急於了解這個新興市場的動態，以便能夠迅速作出商業決策。 / 由於對未來的不安，他急於制定計劃，希望能夠掌控自己的生活。 / 他急於適應新的環境，以免在競爭激烈的職場中落後。,adv,急於成功 / 急於學習 / 急於得到 / 急於解決 / 急於進步 / 急於表現 / 急於適應 / 急於瞭解 / 急於改變 / 急於回應
1311,,給予,Eager or anxious to do something; having a strong desire to act quickly.,急於指的是迫切希望或急切想要做某件事，通常帶有強烈的想要達成某個目標的心情。,她急於找到答案，於是沉迷於研究那些學術文章。 / 面對即將來臨的考試，他急於複習所有的內容，以免忘記重點。 / 老闆急於提升業績，因此要求團隊加班處理客戶的需求。 / 在父母的期待下，他感到急於證明自己的能力。 / 她急於與朋友分享這個好消息，幾乎是立即發了訊息。 / 他急於表現自己的才能，卻常常忽略了團隊合作的重要性。 / 因為工作壓力大，主管急於尋找解決方案，以減輕團隊的負擔。 / 在產品發布之前，技術團隊急於修正所有的錯誤，以確保品質。 / 她急於了解這個新興市場的動態，以便能夠迅速作出商業決策。 / 由於對未來的不安，他急於制定計劃，希望能夠掌控自己的生活。 / 他急於適應新的環境，以免在競爭激烈的職場中落後。,adv,急於成功 / 急於學習 / 急於得到 / 急於解決 / 急於進步 / 急於表現 / 急於適應 / 急於瞭解 / 急於改變 / 急於回應
1312,,基於,Eager or anxious to do something; having a strong desire to act quickly.,急於指的是迫切希望或急切想要做某件事，通常帶有強烈的想要達成某個目標的心情。,她急於找到答案，於是沉迷於研究那些學術文章。 / 面對即將來臨的考試，他急於複習所有的內容，以免忘記重點。 / 老闆急於提升業績，因此要求團隊加班處理客戶的需求。 / 在父母的期待下，他感到急於證明自己的能力。 / 她急於與朋友分享這個好消息，幾乎是立即發了訊息。 / 他急於表現自己的才能，卻常常忽略了團隊合作的重要性。 / 因為工作壓力大，主管急於尋找解決方案，以減輕團隊的負擔。 / 在產品發布之前，技術團隊急於修正所有的錯誤，以確保品質。 / 她急於了解這個新興市場的動態，以便能夠迅速作出商業決策。 / 由於對未來的不安，他急於制定計劃，希望能夠掌控自己的生活。 / 他急於適應新的環境，以免在競爭激烈的職場中落後。,adv,急於成功 / 急於學習 / 急於得到 / 急於解決 / 急於進步 / 急於表現 / 急於適應 / 急於瞭解 / 急於改變 / 急於回應
1313,,機緣,Eager or anxious to do something; having a strong desire to act quickly.,急於指的是迫切希望或急切想要做某件事，通常帶有強烈的想要達成某個目標的心情。,她急於找到答案，於是沉迷於研究那些學術文章。 / 面對即將來臨的考試，他急於複習所有的內容，以免忘記重點。 / 老闆急於提升業績，因此要求團隊加班處理客戶的需求。 / 在父母的期待下，他感到急於證明自己的能力。 / 她急於與朋友分享這個好消息，幾乎是立即發了訊息。 / 他急於表現自己的才能，卻常常忽略了團隊合作的重要性。 / 因為工作壓力大，主管急於尋找解決方案，以減輕團隊的負擔。 / 在產品發布之前，技術團隊急於修正所有的錯誤，以確保品質。 / 她急於了解這個新興市場的動態，以便能夠迅速作出商業決策。 / 由於對未來的不安，他急於制定計劃，希望能夠掌控自己的生活。 / 他急於適應新的環境，以免在競爭激烈的職場中落後。,adv,急於成功 / 急於學習 / 急於得到 / 急於解決 / 急於進步 / 急於表現 / 急於適應 / 急於瞭解 / 急於改變 / 急於回應
1314,,急躁,Eager or anxious to do something; having a strong desire to act quickly.,急於指的是迫切希望或急切想要做某件事，通常帶有強烈的想要達成某個目標的心情。,她急於找到答案，於是沉迷於研究那些學術文章。 / 面對即將來臨的考試，他急於複習所有的內容，以免忘記重點。 / 老闆急於提升業績，因此要求團隊加班處理客戶的需求。 / 在父母的期待下，他感到急於證明自己的能力。 / 她急於與朋友分享這個好消息，幾乎是立即發了訊息。 / 他急於表現自己的才能，卻常常忽略了團隊合作的重要性。 / 因為工作壓力大，主管急於尋找解決方案，以減輕團隊的負擔。 / 在產品發布之前，技術團隊急於修正所有的錯誤，以確保品質。 / 她急於了解這個新興市場的動態，以便能夠迅速作出商業決策。 / 由於對未來的不安，他急於制定計劃，希望能夠掌控自己的生活。 / 他急於適應新的環境，以免在競爭激烈的職場中落後。,adv,急於成功 / 急於學習 / 急於得到 / 急於解決 / 急於進步 / 急於表現 / 急於適應 / 急於瞭解 / 急於改變 / 急於回應
1315,,及早,Eager or anxious to do something; having a strong desire to act quickly.,急於指的是迫切希望或急切想要做某件事，通常帶有強烈的想要達成某個目標的心情。,她急於找到答案，於是沉迷於研究那些學術文章。 / 面對即將來臨的考試，他急於複習所有的內容，以免忘記重點。 / 老闆急於提升業績，因此要求團隊加班處理客戶的需求。 / 在父母的期待下，他感到急於證明自己的能力。 / 她急於與朋友分享這個好消息，幾乎是立即發了訊息。 / 他急於表現自己的才能，卻常常忽略了團隊合作的重要性。 / 因為工作壓力大，主管急於尋找解決方案，以減輕團隊的負擔。 / 在產品發布之前，技術團隊急於修正所有的錯誤，以確保品質。 / 她急於了解這個新興市場的動態，以便能夠迅速作出商業決策。 / 由於對未來的不安，他急於制定計劃，希望能夠掌控自己的生活。 / 他急於適應新的環境，以免在競爭激烈的職場中落後。,adv,急於成功 / 急於學習 / 急於得到 / 急於解決 / 急於進步 / 急於表現 / 急於適應 / 急於瞭解 / 急於改變 / 急於回應
1316,,極致,Eager or anxious to do something; having a strong desire to act quickly.,急於指的是迫切希望或急切想要做某件事，通常帶有強烈的想要達成某個目標的心情。,她急於找到答案，於是沉迷於研究那些學術文章。 / 面對即將來臨的考試，他急於複習所有的內容，以免忘記重點。 / 老闆急於提升業績，因此要求團隊加班處理客戶的需求。 / 在父母的期待下，他感到急於證明自己的能力。 / 她急於與朋友分享這個好消息，幾乎是立即發了訊息。 / 他急於表現自己的才能，卻常常忽略了團隊合作的重要性。 / 因為工作壓力大，主管急於尋找解決方案，以減輕團隊的負擔。 / 在產品發布之前，技術團隊急於修正所有的錯誤，以確保品質。 / 她急於了解這個新興市場的動態，以便能夠迅速作出商業決策。 / 由於對未來的不安，他急於制定計劃，希望能夠掌控自己的生活。 / 他急於適應新的環境，以免在競爭激烈的職場中落後。,adv,急於成功 / 急於學習 / 急於得到 / 急於解決 / 急於進步 / 急於表現 / 急於適應 / 急於瞭解 / 急於改變 / 急於回應
1317,,機制,Eager or anxious to do something; having a strong desire to act quickly.,急於指的是迫切希望或急切想要做某件事，通常帶有強烈的想要達成某個目標的心情。,她急於找到答案，於是沉迷於研究那些學術文章。 / 面對即將來臨的考試，他急於複習所有的內容，以免忘記重點。 / 老闆急於提升業績，因此要求團隊加班處理客戶的需求。 / 在父母的期待下，他感到急於證明自己的能力。 / 她急於與朋友分享這個好消息，幾乎是立即發了訊息。 / 他急於表現自己的才能，卻常常忽略了團隊合作的重要性。 / 因為工作壓力大，主管急於尋找解決方案，以減輕團隊的負擔。 / 在產品發布之前，技術團隊急於修正所有的錯誤，以確保品質。 / 她急於了解這個新興市場的動態，以便能夠迅速作出商業決策。 / 由於對未來的不安，他急於制定計劃，希望能夠掌控自己的生活。 / 他急於適應新的環境，以免在競爭激烈的職場中落後。,adv,急於成功 / 急於學習 / 急於得到 / 急於解決 / 急於進步 / 急於表現 / 急於適應 / 急於瞭解 / 急於改變 / 急於回應
1318,,機智,Eager or anxious to do something; having a strong desire to act quickly.,急於指的是迫切希望或急切想要做某件事，通常帶有強烈的想要達成某個目標的心情。,她急於找到答案，於是沉迷於研究那些學術文章。 / 面對即將來臨的考試，他急於複習所有的內容，以免忘記重點。 / 老闆急於提升業績，因此要求團隊加班處理客戶的需求。 / 在父母的期待下，他感到急於證明自己的能力。 / 她急於與朋友分享這個好消息，幾乎是立即發了訊息。 / 他急於表現自己的才能，卻常常忽略了團隊合作的重要性。 / 因為工作壓力大，主管急於尋找解決方案，以減輕團隊的負擔。 / 在產品發布之前，技術團隊急於修正所有的錯誤，以確保品質。 / 她急於了解這個新興市場的動態，以便能夠迅速作出商業決策。 / 由於對未來的不安，他急於制定計劃，希望能夠掌控自己的生活。 / 他急於適應新的環境，以免在競爭激烈的職場中落後。,adv,急於成功 / 急於學習 / 急於得到 / 急於解決 / 急於進步 / 急於表現 / 急於適應 / 急於瞭解 / 急於改變 / 急於回應
1319,,脊椎,Eager or anxious to do something; having a strong desire to act quickly.,急於指的是迫切希望或急切想要做某件事，通常帶有強烈的想要達成某個目標的心情。,她急於找到答案，於是沉迷於研究那些學術文章。 / 面對即將來臨的考試，他急於複習所有的內容，以免忘記重點。 / 老闆急於提升業績，因此要求團隊加班處理客戶的需求。 / 在父母的期待下，他感到急於證明自己的能力。 / 她急於與朋友分享這個好消息，幾乎是立即發了訊息。 / 他急於表現自己的才能，卻常常忽略了團隊合作的重要性。 / 因為工作壓力大，主管急於尋找解決方案，以減輕團隊的負擔。 / 在產品發布之前，技術團隊急於修正所有的錯誤，以確保品質。 / 她急於了解這個新興市場的動態，以便能夠迅速作出商業決策。 / 由於對未來的不安，他急於制定計劃，希望能夠掌控自己的生活。 / 他急於適應新的環境，以免在競爭激烈的職場中落後。,adv,急於成功 / 急於學習 / 急於得到 / 急於解決 / 急於進步 / 急於表現 / 急於適應 / 急於瞭解 / 急於改變 / 急於回應
1320,,甲,Eager or anxious to do something; having a strong desire to act quickly.,急於指的是迫切希望或急切想要做某件事，通常帶有強烈的想要達成某個目標的心情。,她急於找到答案，於是沉迷於研究那些學術文章。 / 面對即將來臨的考試，他急於複習所有的內容，以免忘記重點。 / 老闆急於提升業績，因此要求團隊加班處理客戶的需求。 / 在父母的期待下，他感到急於證明自己的能力。 / 她急於與朋友分享這個好消息，幾乎是立即發了訊息。 / 他急於表現自己的才能，卻常常忽略了團隊合作的重要性。 / 因為工作壓力大，主管急於尋找解決方案，以減輕團隊的負擔。 / 在產品發布之前，技術團隊急於修正所有的錯誤，以確保品質。 / 她急於了解這個新興市場的動態，以便能夠迅速作出商業決策。 / 由於對未來的不安，他急於制定計劃，希望能夠掌控自己的生活。 / 他急於適應新的環境，以免在競爭激烈的職場中落後。,adv,急於成功 / 急於學習 / 急於得到 / 急於解決 / 急於進步 / 急於表現 / 急於適應 / 急於瞭解 / 急於改變 / 急於回應
1320,,甲,,,,,
1320,,甲,,,,,
1320,,甲,,,,,
1320,,甲,,,,,
1321,,甲板,Eager or anxious to do something; having a strong desire to act quickly.,急於指的是迫切希望或急切想要做某件事，通常帶有強烈的想要達成某個目標的心情。,她急於找到答案，於是沉迷於研究那些學術文章。 / 面對即將來臨的考試，他急於複習所有的內容，以免忘記重點。 / 老闆急於提升業績，因此要求團隊加班處理客戶的需求。 / 在父母的期待下，他感到急於證明自己的能力。 / 她急於與朋友分享這個好消息，幾乎是立即發了訊息。 / 他急於表現自己的才能，卻常常忽略了團隊合作的重要性。 / 因為工作壓力大，主管急於尋找解決方案，以減輕團隊的負擔。 / 在產品發布之前，技術團隊急於修正所有的錯誤，以確保品質。 / 她急於了解這個新興市場的動態，以便能夠迅速作出商業決策。 / 由於對未來的不安，他急於制定計劃，希望能夠掌控自己的生活。 / 他急於適應新的環境，以免在競爭激烈的職場中落後。,adv,急於成功 / 急於學習 / 急於得到 / 急於解決 / 急於進步 / 急於表現 / 急於適應 / 急於瞭解 / 急於改變 / 急於回應
1322,,家產,Eager or anxious to do something; having a strong desire to act quickly.,急於指的是迫切希望或急切想要做某件事，通常帶有強烈的想要達成某個目標的心情。,她急於找到答案，於是沉迷於研究那些學術文章。 / 面對即將來臨的考試，他急於複習所有的內容，以免忘記重點。 / 老闆急於提升業績，因此要求團隊加班處理客戶的需求。 / 在父母的期待下，他感到急於證明自己的能力。 / 她急於與朋友分享這個好消息，幾乎是立即發了訊息。 / 他急於表現自己的才能，卻常常忽略了團隊合作的重要性。 / 因為工作壓力大，主管急於尋找解決方案，以減輕團隊的負擔。 / 在產品發布之前，技術團隊急於修正所有的錯誤，以確保品質。 / 她急於了解這個新興市場的動態，以便能夠迅速作出商業決策。 / 由於對未來的不安，他急於制定計劃，希望能夠掌控自己的生活。 / 他急於適應新的環境，以免在競爭激烈的職場中落後。,adv,急於成功 / 急於學習 / 急於得到 / 急於解決 / 急於進步 / 急於表現 / 急於適應 / 急於瞭解 / 急於改變 / 急於回應
1323,如果。[例]假定明天下雨，這次的旅遊就延期舉行。,假定,To assume or suppose; to take for granted.,如果某種情況成立，則會產生某種結果。,假定這個實驗的數據正確，我們就能得出明確的結論。 / 假定今天的會議不取消，我們將討論這個項目的未來計畫。 / 假定每個人都能貢獻自己的力量，社區的環境一定會改善。 / 假定明天的天氣良好，我們計畫出去遠足。 / 假定你是這個項目的負責人，你會如何處理遇到的問題？ / 假定這份報告的數據可靠，我們就能支持這項新的政策提案。 / 假定最近的市場調查結果準確，我們的銷售策略需要重新制定。 / 假定所有參與者都能準時到達，活動將按計劃進行。 / 假定這門課程的教學質量保持不變，學生的學習效果會顯著提升。 / 假定這次合作能夠順利進行，我們期待未來的更大成果。 / 假定這些資料的來源可信，我們就能更好地理解這個問題的本質。,vs-t,假定你是 / 假定情況下 / 假定今天 / 假定明天 / 假定這個情況 / 假定有意義 / 假定合理 / 假定條件 / 假定結果 / 假定正確
1323,科學研究上對尚待證明之客觀事物的假設。[例]他這項假定挑戰了以往學術界的認知，引發了熱烈討論。,假定,A hypothesis; an assumption made in scientific research that is yet to be proven.,在科學研究中，對尚待證明的客觀事物所做的假設。,在這次會議當中，經濟學家提出的假定讓與會者都感到非常驚訝。 / 假定所有的數據都是準確的，這項研究將得出可靠的結論。 / 假定他的理論成立，那麼我們對這個現象的理解將會有所改變。 / 科學家在實驗中提出的假定，將引領後續的研究工作。 / 如果假定這些條件成立，則模型的預測結果可能會變得更加精確。 / 根據假定模型，我們可以預測未來的經濟趨勢。 / 他的假定引發了學術界對於傳統觀點的激烈辯論。 / 假定這項技術得以實施，它將對行業產生革命性的影響。 / 在研究報告中，假定的前提條件為實驗結果提供了重要的參考依據。 / 假定我們能夠獲得更多的數據，則分析結果將更加全面和深入。 / 假定這個假設得到證實，將會改變我們對該領域的基本認識。,vs-t/N,假定模型 / 假定理論 / 假定前提 / 假定參數 / 假定基礎 / 假定假設 / 假定範圍 / 假定分析 / 假定結果 / 假定解釋
1324,如果。[例]假定明天下雨，這次的旅遊就延期舉行。,加緊,To assume or suppose; to take for granted.,如果某種情況成立，則會產生某種結果。,假定這個實驗的數據正確，我們就能得出明確的結論。 / 假定今天的會議不取消，我們將討論這個項目的未來計畫。 / 假定每個人都能貢獻自己的力量，社區的環境一定會改善。 / 假定明天的天氣良好，我們計畫出去遠足。 / 假定你是這個項目的負責人，你會如何處理遇到的問題？ / 假定這份報告的數據可靠，我們就能支持這項新的政策提案。 / 假定最近的市場調查結果準確，我們的銷售策略需要重新制定。 / 假定所有參與者都能準時到達，活動將按計劃進行。 / 假定這門課程的教學質量保持不變，學生的學習效果會顯著提升。 / 假定這次合作能夠順利進行，我們期待未來的更大成果。 / 假定這些資料的來源可信，我們就能更好地理解這個問題的本質。,vs-t,假定你是 / 假定情況下 / 假定今天 / 假定明天 / 假定這個情況 / 假定有意義 / 假定合理 / 假定條件 / 假定結果 / 假定正確
1325,如果。[例]假定明天下雨，這次的旅遊就延期舉行。,加碼,To assume or suppose; to take for granted.,如果某種情況成立，則會產生某種結果。,假定這個實驗的數據正確，我們就能得出明確的結論。 / 假定今天的會議不取消，我們將討論這個項目的未來計畫。 / 假定每個人都能貢獻自己的力量，社區的環境一定會改善。 / 假定明天的天氣良好，我們計畫出去遠足。 / 假定你是這個項目的負責人，你會如何處理遇到的問題？ / 假定這份報告的數據可靠，我們就能支持這項新的政策提案。 / 假定最近的市場調查結果準確，我們的銷售策略需要重新制定。 / 假定所有參與者都能準時到達，活動將按計劃進行。 / 假定這門課程的教學質量保持不變，學生的學習效果會顯著提升。 / 假定這次合作能夠順利進行，我們期待未來的更大成果。 / 假定這些資料的來源可信，我們就能更好地理解這個問題的本質。,vs-t,假定你是 / 假定情況下 / 假定今天 / 假定明天 / 假定這個情況 / 假定有意義 / 假定合理 / 假定條件 / 假定結果 / 假定正確
1326,搭架裝設。[例]架設天線,架設,To set up or install by assembling a framework.,搭起架子或安裝設備。,公司最近架設了新的伺服器，以提升網路的運行速度。 / 為了改善通信品質，工程團隊正在架設新的基地台。 / 學校計畫架設無線網路，讓學生能夠隨時上網查詢資料。 / 政府在偏遠地區架設了通訊設備，方便當地居民聯絡外界。 / 他們在公園裡架設了新的健身設施，吸引了許多民眾前來運動。 / 我們計劃在社區中心架設一個新的圖書館，以促進讀書風氣。 / 為了舉辦即將來臨的音樂會，工作人員正在架設舞台和音響設備。 / 醫院最近架設了一套先進的診斷系統，以提高病患的治療效率。 / 為了保護當地環境，團體在山區架設了垃圾回收站，鼓勵民眾進行分類處理。 / 在這次科學展覽中，學生們架設了多個互動實驗區，提升了參觀者的學習體驗。 / 為了增進安全，社區正在架設監視系統，以降低犯罪率。,va-t,架設系統 / 架設設備 / 架設網路 / 架設伺服器 / 架設平台 / 架設軟體 / 架設基地台 / 架設環境 / 架設應用程式 / 架設設施
1327,搭架裝設。[例]架設天線,假設,To set up or install by assembling a framework.,搭起架子或安裝設備。,公司最近架設了新的伺服器，以提升網路的運行速度。 / 為了改善通信品質，工程團隊正在架設新的基地台。 / 學校計畫架設無線網路，讓學生能夠隨時上網查詢資料。 / 政府在偏遠地區架設了通訊設備，方便當地居民聯絡外界。 / 他們在公園裡架設了新的健身設施，吸引了許多民眾前來運動。 / 我們計劃在社區中心架設一個新的圖書館，以促進讀書風氣。 / 為了舉辦即將來臨的音樂會，工作人員正在架設舞台和音響設備。 / 醫院最近架設了一套先進的診斷系統，以提高病患的治療效率。 / 為了保護當地環境，團體在山區架設了垃圾回收站，鼓勵民眾進行分類處理。 / 在這次科學展覽中，學生們架設了多個互動實驗區，提升了參觀者的學習體驗。 / 為了增進安全，社區正在架設監視系統，以降低犯罪率。,va-t,架設系統 / 架設設備 / 架設網路 / 架設伺服器 / 架設平台 / 架設軟體 / 架設基地台 / 架設環境 / 架設應用程式 / 架設設施
1327,,假設,,,,,
1328,搭架裝設。[例]架設天線,加深,To set up or install by assembling a framework.,搭起架子或安裝設備。,公司最近架設了新的伺服器，以提升網路的運行速度。 / 為了改善通信品質，工程團隊正在架設新的基地台。 / 學校計畫架設無線網路，讓學生能夠隨時上網查詢資料。 / 政府在偏遠地區架設了通訊設備，方便當地居民聯絡外界。 / 他們在公園裡架設了新的健身設施，吸引了許多民眾前來運動。 / 我們計劃在社區中心架設一個新的圖書館，以促進讀書風氣。 / 為了舉辦即將來臨的音樂會，工作人員正在架設舞台和音響設備。 / 醫院最近架設了一套先進的診斷系統，以提高病患的治療效率。 / 為了保護當地環境，團體在山區架設了垃圾回收站，鼓勵民眾進行分類處理。 / 在這次科學展覽中，學生們架設了多個互動實驗區，提升了參觀者的學習體驗。 / 為了增進安全，社區正在架設監視系統，以降低犯罪率。,va-t,架設系統 / 架設設備 / 架設網路 / 架設伺服器 / 架設平台 / 架設軟體 / 架設基地台 / 架設環境 / 架設應用程式 / 架設設施
1329,搭架裝設。[例]架設天線,家世,To set up or install by assembling a framework.,搭起架子或安裝設備。,公司最近架設了新的伺服器，以提升網路的運行速度。 / 為了改善通信品質，工程團隊正在架設新的基地台。 / 學校計畫架設無線網路，讓學生能夠隨時上網查詢資料。 / 政府在偏遠地區架設了通訊設備，方便當地居民聯絡外界。 / 他們在公園裡架設了新的健身設施，吸引了許多民眾前來運動。 / 我們計劃在社區中心架設一個新的圖書館，以促進讀書風氣。 / 為了舉辦即將來臨的音樂會，工作人員正在架設舞台和音響設備。 / 醫院最近架設了一套先進的診斷系統，以提高病患的治療效率。 / 為了保護當地環境，團體在山區架設了垃圾回收站，鼓勵民眾進行分類處理。 / 在這次科學展覽中，學生們架設了多個互動實驗區，提升了參觀者的學習體驗。 / 為了增進安全，社區正在架設監視系統，以降低犯罪率。,va-t,架設系統 / 架設設備 / 架設網路 / 架設伺服器 / 架設平台 / 架設軟體 / 架設基地台 / 架設環境 / 架設應用程式 / 架設設施
1330,搭架裝設。[例]架設天線,家務,To set up or install by assembling a framework.,搭起架子或安裝設備。,公司最近架設了新的伺服器，以提升網路的運行速度。 / 為了改善通信品質，工程團隊正在架設新的基地台。 / 學校計畫架設無線網路，讓學生能夠隨時上網查詢資料。 / 政府在偏遠地區架設了通訊設備，方便當地居民聯絡外界。 / 他們在公園裡架設了新的健身設施，吸引了許多民眾前來運動。 / 我們計劃在社區中心架設一個新的圖書館，以促進讀書風氣。 / 為了舉辦即將來臨的音樂會，工作人員正在架設舞台和音響設備。 / 醫院最近架設了一套先進的診斷系統，以提高病患的治療效率。 / 為了保護當地環境，團體在山區架設了垃圾回收站，鼓勵民眾進行分類處理。 / 在這次科學展覽中，學生們架設了多個互動實驗區，提升了參觀者的學習體驗。 / 為了增進安全，社區正在架設監視系統，以降低犯罪率。,va-t,架設系統 / 架設設備 / 架設網路 / 架設伺服器 / 架設平台 / 架設軟體 / 架設基地台 / 架設環境 / 架設應用程式 / 架設設施
1331,搭架裝設。[例]架設天線,假象,To set up or install by assembling a framework.,搭起架子或安裝設備。,公司最近架設了新的伺服器，以提升網路的運行速度。 / 為了改善通信品質，工程團隊正在架設新的基地台。 / 學校計畫架設無線網路，讓學生能夠隨時上網查詢資料。 / 政府在偏遠地區架設了通訊設備，方便當地居民聯絡外界。 / 他們在公園裡架設了新的健身設施，吸引了許多民眾前來運動。 / 我們計劃在社區中心架設一個新的圖書館，以促進讀書風氣。 / 為了舉辦即將來臨的音樂會，工作人員正在架設舞台和音響設備。 / 醫院最近架設了一套先進的診斷系統，以提高病患的治療效率。 / 為了保護當地環境，團體在山區架設了垃圾回收站，鼓勵民眾進行分類處理。 / 在這次科學展覽中，學生們架設了多個互動實驗區，提升了參觀者的學習體驗。 / 為了增進安全，社區正在架設監視系統，以降低犯罪率。,va-t,架設系統 / 架設設備 / 架設網路 / 架設伺服器 / 架設平台 / 架設軟體 / 架設基地台 / 架設環境 / 架設應用程式 / 架設設施
1332,假定性的設想。[例]這本小說中的人物，出自假想和虛構，帶給讀者極大的探索空間。,假想,A hypothetical assumption or notion; a predetermined idea that is imagined or conjectured.,假定性的設想，通常根據某些條件或情況而提出，並不是真實存在的。,在科幻小說中，常常會出現許多假想的科技，讓人對未來充滿期待。 / 當他們在討論世界的未來時，經常使用假想的情境來進行思考。 / 在這堂課上，老師引導學生進入一個假想的世界，讓他們體驗不同的文化。 / 透過假想的角色扮演，學生們學會了如何在現實中應對各種挑戰。 / 假想的故事讓孩子們的想像力得到了極大的發揮和提升。 / 在心理學研究中，假想的情感情境常被用來探討人類的反應和行為。 / 在戰略規劃會議中，團隊成員經常提出假想的問題，以測試不同方案的可行性。 / 這部電影透過假想的場景，展示了人類在極端環境下的生存智慧。 / 在藝術創作中，許多藝術家喜歡探索假想的形象，表達內心深處的感受。 / 透過假想的歷史事件，學生們能更好地理解當前社會的複雜性。 / 在科學實驗中，研究人員經常依賴假想的模型來預測結果和現象。,n,假想的情境 / 假想的世界 / 假想的故事 / 假想的角色 / 假想的情景 / 假想的問題 / 假想的計畫 / 假想的情感 / 假想的場景 / 假想的未來
1333,給予、予以。如：「這件事非常重要，必須優先加以處理。」,加以,To give or grant; to handle or deal with something in a manner that reflects its importance.,給予、予以某種行動或處理。,該計畫的細節都已經加以確認，現在只需等待最終批准。 / 每位員工的意見都會被加以考慮，以便改善工作環境。 / 為了提高效率，任務的分配需要加以調整。 / 我們必須加以分析市場趨勢，才能做出明智的商業決策。 / 老師在課堂上加以強調這個概念的重要性，讓學生們印象深刻。 / 他強調在做這個專案之前，必須先加以評估資源的可行性。 / 為了確保活動的順利進行，所有的準備工作都需要加以檢查。 / 在這次會議上，領導對各部門的表現進行了加以評估。 / 公司決定對現有的政策加以修改，以適應新的市場需求。 / 我們的團隊正在加以研究這個問題，以找到最佳的解決方案。 / 在報告中，研究者對數據的來源加以說明，以增強其可信度。,va-t,加以說明 / 加以考慮 / 加以評估 / 加以改善 / 加以分析 / 加以處理 / 加以強調 / 加以引導 / 加以調整 / 加以執行
1334,給予、予以。如：「這件事非常重要，必須優先加以處理。」,駕馭,To give or grant; to handle or deal with something in a manner that reflects its importance.,給予、予以某種行動或處理。,該計畫的細節都已經加以確認，現在只需等待最終批准。 / 每位員工的意見都會被加以考慮，以便改善工作環境。 / 為了提高效率，任務的分配需要加以調整。 / 我們必須加以分析市場趨勢，才能做出明智的商業決策。 / 老師在課堂上加以強調這個概念的重要性，讓學生們印象深刻。 / 他強調在做這個專案之前，必須先加以評估資源的可行性。 / 為了確保活動的順利進行，所有的準備工作都需要加以檢查。 / 在這次會議上，領導對各部門的表現進行了加以評估。 / 公司決定對現有的政策加以修改，以適應新的市場需求。 / 我們的團隊正在加以研究這個問題，以找到最佳的解決方案。 / 在報告中，研究者對數據的來源加以說明，以增強其可信度。,va-t,加以說明 / 加以考慮 / 加以評估 / 加以改善 / 加以分析 / 加以處理 / 加以強調 / 加以引導 / 加以調整 / 加以執行
1335,給予、予以。如：「這件事非常重要，必須優先加以處理。」,夾雜,To give or grant; to handle or deal with something in a manner that reflects its importance.,給予、予以某種行動或處理。,該計畫的細節都已經加以確認，現在只需等待最終批准。 / 每位員工的意見都會被加以考慮，以便改善工作環境。 / 為了提高效率，任務的分配需要加以調整。 / 我們必須加以分析市場趨勢，才能做出明智的商業決策。 / 老師在課堂上加以強調這個概念的重要性，讓學生們印象深刻。 / 他強調在做這個專案之前，必須先加以評估資源的可行性。 / 為了確保活動的順利進行，所有的準備工作都需要加以檢查。 / 在這次會議上，領導對各部門的表現進行了加以評估。 / 公司決定對現有的政策加以修改，以適應新的市場需求。 / 我們的團隊正在加以研究這個問題，以找到最佳的解決方案。 / 在報告中，研究者對數據的來源加以說明，以增強其可信度。,va-t,加以說明 / 加以考慮 / 加以評估 / 加以改善 / 加以分析 / 加以處理 / 加以強調 / 加以引導 / 加以調整 / 加以執行
1336,給予、予以。如：「這件事非常重要，必須優先加以處理。」,加重,To give or grant; to handle or deal with something in a manner that reflects its importance.,給予、予以某種行動或處理。,該計畫的細節都已經加以確認，現在只需等待最終批准。 / 每位員工的意見都會被加以考慮，以便改善工作環境。 / 為了提高效率，任務的分配需要加以調整。 / 我們必須加以分析市場趨勢，才能做出明智的商業決策。 / 老師在課堂上加以強調這個概念的重要性，讓學生們印象深刻。 / 他強調在做這個專案之前，必須先加以評估資源的可行性。 / 為了確保活動的順利進行，所有的準備工作都需要加以檢查。 / 在這次會議上，領導對各部門的表現進行了加以評估。 / 公司決定對現有的政策加以修改，以適應新的市場需求。 / 我們的團隊正在加以研究這個問題，以找到最佳的解決方案。 / 在報告中，研究者對數據的來源加以說明，以增強其可信度。,va-t,加以說明 / 加以考慮 / 加以評估 / 加以改善 / 加以分析 / 加以處理 / 加以強調 / 加以引導 / 加以調整 / 加以執行
1337,,架子,,,,,
1337,給予、予以。如：「這件事非常重要，必須優先加以處理。」,架子,To give or grant; to handle or deal with something in a manner that reflects its importance.,給予、予以某種行動或處理。,該計畫的細節都已經加以確認，現在只需等待最終批准。 / 每位員工的意見都會被加以考慮，以便改善工作環境。 / 為了提高效率，任務的分配需要加以調整。 / 我們必須加以分析市場趨勢，才能做出明智的商業決策。 / 老師在課堂上加以強調這個概念的重要性，讓學生們印象深刻。 / 他強調在做這個專案之前，必須先加以評估資源的可行性。 / 為了確保活動的順利進行，所有的準備工作都需要加以檢查。 / 在這次會議上，領導對各部門的表現進行了加以評估。 / 公司決定對現有的政策加以修改，以適應新的市場需求。 / 我們的團隊正在加以研究這個問題，以找到最佳的解決方案。 / 在報告中，研究者對數據的來源加以說明，以增強其可信度。,va-t,加以說明 / 加以考慮 / 加以評估 / 加以改善 / 加以分析 / 加以處理 / 加以強調 / 加以引導 / 加以調整 / 加以執行
1338,給予、予以。如：「這件事非常重要，必須優先加以處理。」,賤,To give or grant; to handle or deal with something in a manner that reflects its importance.,給予、予以某種行動或處理。,該計畫的細節都已經加以確認，現在只需等待最終批准。 / 每位員工的意見都會被加以考慮，以便改善工作環境。 / 為了提高效率，任務的分配需要加以調整。 / 我們必須加以分析市場趨勢，才能做出明智的商業決策。 / 老師在課堂上加以強調這個概念的重要性，讓學生們印象深刻。 / 他強調在做這個專案之前，必須先加以評估資源的可行性。 / 為了確保活動的順利進行，所有的準備工作都需要加以檢查。 / 在這次會議上，領導對各部門的表現進行了加以評估。 / 公司決定對現有的政策加以修改，以適應新的市場需求。 / 我們的團隊正在加以研究這個問題，以找到最佳的解決方案。 / 在報告中，研究者對數據的來源加以說明，以增強其可信度。,va-t,加以說明 / 加以考慮 / 加以評估 / 加以改善 / 加以分析 / 加以處理 / 加以強調 / 加以引導 / 加以調整 / 加以執行
1338,,賤,,,,,
1339,給予、予以。如：「這件事非常重要，必須優先加以處理。」,間2,To give or grant; to handle or deal with something in a manner that reflects its importance.,給予、予以某種行動或處理。,該計畫的細節都已經加以確認，現在只需等待最終批准。 / 每位員工的意見都會被加以考慮，以便改善工作環境。 / 為了提高效率，任務的分配需要加以調整。 / 我們必須加以分析市場趨勢，才能做出明智的商業決策。 / 老師在課堂上加以強調這個概念的重要性，讓學生們印象深刻。 / 他強調在做這個專案之前，必須先加以評估資源的可行性。 / 為了確保活動的順利進行，所有的準備工作都需要加以檢查。 / 在這次會議上，領導對各部門的表現進行了加以評估。 / 公司決定對現有的政策加以修改，以適應新的市場需求。 / 我們的團隊正在加以研究這個問題，以找到最佳的解決方案。 / 在報告中，研究者對數據的來源加以說明，以增強其可信度。,va-t,加以說明 / 加以考慮 / 加以評估 / 加以改善 / 加以分析 / 加以處理 / 加以強調 / 加以引導 / 加以調整 / 加以執行
1340,給予、予以。如：「這件事非常重要，必須優先加以處理。」,揀,To give or grant; to handle or deal with something in a manner that reflects its importance.,給予、予以某種行動或處理。,該計畫的細節都已經加以確認，現在只需等待最終批准。 / 每位員工的意見都會被加以考慮，以便改善工作環境。 / 為了提高效率，任務的分配需要加以調整。 / 我們必須加以分析市場趨勢，才能做出明智的商業決策。 / 老師在課堂上加以強調這個概念的重要性，讓學生們印象深刻。 / 他強調在做這個專案之前，必須先加以評估資源的可行性。 / 為了確保活動的順利進行，所有的準備工作都需要加以檢查。 / 在這次會議上，領導對各部門的表現進行了加以評估。 / 公司決定對現有的政策加以修改，以適應新的市場需求。 / 我們的團隊正在加以研究這個問題，以找到最佳的解決方案。 / 在報告中，研究者對數據的來源加以說明，以增強其可信度。,va-t,加以說明 / 加以考慮 / 加以評估 / 加以改善 / 加以分析 / 加以處理 / 加以強調 / 加以引導 / 加以調整 / 加以執行
1340,,揀,,,,,
1341,給予、予以。如：「這件事非常重要，必須優先加以處理。」,兼,To give or grant; to handle or deal with something in a manner that reflects its importance.,給予、予以某種行動或處理。,該計畫的細節都已經加以確認，現在只需等待最終批准。 / 每位員工的意見都會被加以考慮，以便改善工作環境。 / 為了提高效率，任務的分配需要加以調整。 / 我們必須加以分析市場趨勢，才能做出明智的商業決策。 / 老師在課堂上加以強調這個概念的重要性，讓學生們印象深刻。 / 他強調在做這個專案之前，必須先加以評估資源的可行性。 / 為了確保活動的順利進行，所有的準備工作都需要加以檢查。 / 在這次會議上，領導對各部門的表現進行了加以評估。 / 公司決定對現有的政策加以修改，以適應新的市場需求。 / 我們的團隊正在加以研究這個問題，以找到最佳的解決方案。 / 在報告中，研究者對數據的來源加以說明，以增強其可信度。,va-t,加以說明 / 加以考慮 / 加以評估 / 加以改善 / 加以分析 / 加以處理 / 加以強調 / 加以引導 / 加以調整 / 加以執行
1341,,兼,,,,,
1342,給予、予以。如：「這件事非常重要，必須優先加以處理。」,奸,To give or grant; to handle or deal with something in a manner that reflects its importance.,給予、予以某種行動或處理。,該計畫的細節都已經加以確認，現在只需等待最終批准。 / 每位員工的意見都會被加以考慮，以便改善工作環境。 / 為了提高效率，任務的分配需要加以調整。 / 我們必須加以分析市場趨勢，才能做出明智的商業決策。 / 老師在課堂上加以強調這個概念的重要性，讓學生們印象深刻。 / 他強調在做這個專案之前，必須先加以評估資源的可行性。 / 為了確保活動的順利進行，所有的準備工作都需要加以檢查。 / 在這次會議上，領導對各部門的表現進行了加以評估。 / 公司決定對現有的政策加以修改，以適應新的市場需求。 / 我們的團隊正在加以研究這個問題，以找到最佳的解決方案。 / 在報告中，研究者對數據的來源加以說明，以增強其可信度。,va-t,加以說明 / 加以考慮 / 加以評估 / 加以改善 / 加以分析 / 加以處理 / 加以強調 / 加以引導 / 加以調整 / 加以執行
1342,,奸,,,,,
1343,給予、予以。如：「這件事非常重要，必須優先加以處理。」,煎熬,To give or grant; to handle or deal with something in a manner that reflects its importance.,給予、予以某種行動或處理。,該計畫的細節都已經加以確認，現在只需等待最終批准。 / 每位員工的意見都會被加以考慮，以便改善工作環境。 / 為了提高效率，任務的分配需要加以調整。 / 我們必須加以分析市場趨勢，才能做出明智的商業決策。 / 老師在課堂上加以強調這個概念的重要性，讓學生們印象深刻。 / 他強調在做這個專案之前，必須先加以評估資源的可行性。 / 為了確保活動的順利進行，所有的準備工作都需要加以檢查。 / 在這次會議上，領導對各部門的表現進行了加以評估。 / 公司決定對現有的政策加以修改，以適應新的市場需求。 / 我們的團隊正在加以研究這個問題，以找到最佳的解決方案。 / 在報告中，研究者對數據的來源加以說明，以增強其可信度。,va-t,加以說明 / 加以考慮 / 加以評估 / 加以改善 / 加以分析 / 加以處理 / 加以強調 / 加以引導 / 加以調整 / 加以執行
1344,給予、予以。如：「這件事非常重要，必須優先加以處理。」,檢測,To give or grant; to handle or deal with something in a manner that reflects its importance.,給予、予以某種行動或處理。,該計畫的細節都已經加以確認，現在只需等待最終批准。 / 每位員工的意見都會被加以考慮，以便改善工作環境。 / 為了提高效率，任務的分配需要加以調整。 / 我們必須加以分析市場趨勢，才能做出明智的商業決策。 / 老師在課堂上加以強調這個概念的重要性，讓學生們印象深刻。 / 他強調在做這個專案之前，必須先加以評估資源的可行性。 / 為了確保活動的順利進行，所有的準備工作都需要加以檢查。 / 在這次會議上，領導對各部門的表現進行了加以評估。 / 公司決定對現有的政策加以修改，以適應新的市場需求。 / 我們的團隊正在加以研究這個問題，以找到最佳的解決方案。 / 在報告中，研究者對數據的來源加以說明，以增強其可信度。,va-t,加以說明 / 加以考慮 / 加以評估 / 加以改善 / 加以分析 / 加以處理 / 加以強調 / 加以引導 / 加以調整 / 加以執行
1345,給予、予以。如：「這件事非常重要，必須優先加以處理。」,檢察官,To give or grant; to handle or deal with something in a manner that reflects its importance.,給予、予以某種行動或處理。,該計畫的細節都已經加以確認，現在只需等待最終批准。 / 每位員工的意見都會被加以考慮，以便改善工作環境。 / 為了提高效率，任務的分配需要加以調整。 / 我們必須加以分析市場趨勢，才能做出明智的商業決策。 / 老師在課堂上加以強調這個概念的重要性，讓學生們印象深刻。 / 他強調在做這個專案之前，必須先加以評估資源的可行性。 / 為了確保活動的順利進行，所有的準備工作都需要加以檢查。 / 在這次會議上，領導對各部門的表現進行了加以評估。 / 公司決定對現有的政策加以修改，以適應新的市場需求。 / 我們的團隊正在加以研究這個問題，以找到最佳的解決方案。 / 在報告中，研究者對數據的來源加以說明，以增強其可信度。,va-t,加以說明 / 加以考慮 / 加以評估 / 加以改善 / 加以分析 / 加以處理 / 加以強調 / 加以引導 / 加以調整 / 加以執行
1346,給予、予以。如：「這件事非常重要，必須優先加以處理。」,間諜,To give or grant; to handle or deal with something in a manner that reflects its importance.,給予、予以某種行動或處理。,該計畫的細節都已經加以確認，現在只需等待最終批准。 / 每位員工的意見都會被加以考慮，以便改善工作環境。 / 為了提高效率，任務的分配需要加以調整。 / 我們必須加以分析市場趨勢，才能做出明智的商業決策。 / 老師在課堂上加以強調這個概念的重要性，讓學生們印象深刻。 / 他強調在做這個專案之前，必須先加以評估資源的可行性。 / 為了確保活動的順利進行，所有的準備工作都需要加以檢查。 / 在這次會議上，領導對各部門的表現進行了加以評估。 / 公司決定對現有的政策加以修改，以適應新的市場需求。 / 我們的團隊正在加以研究這個問題，以找到最佳的解決方案。 / 在報告中，研究者對數據的來源加以說明，以增強其可信度。,va-t,加以說明 / 加以考慮 / 加以評估 / 加以改善 / 加以分析 / 加以處理 / 加以強調 / 加以引導 / 加以調整 / 加以執行
1347,給予、予以。如：「這件事非常重要，必須優先加以處理。」,鑑定,To give or grant; to handle or deal with something in a manner that reflects its importance.,給予、予以某種行動或處理。,該計畫的細節都已經加以確認，現在只需等待最終批准。 / 每位員工的意見都會被加以考慮，以便改善工作環境。 / 為了提高效率，任務的分配需要加以調整。 / 我們必須加以分析市場趨勢，才能做出明智的商業決策。 / 老師在課堂上加以強調這個概念的重要性，讓學生們印象深刻。 / 他強調在做這個專案之前，必須先加以評估資源的可行性。 / 為了確保活動的順利進行，所有的準備工作都需要加以檢查。 / 在這次會議上，領導對各部門的表現進行了加以評估。 / 公司決定對現有的政策加以修改，以適應新的市場需求。 / 我們的團隊正在加以研究這個問題，以找到最佳的解決方案。 / 在報告中，研究者對數據的來源加以說明，以增強其可信度。,va-t,加以說明 / 加以考慮 / 加以評估 / 加以改善 / 加以分析 / 加以處理 / 加以強調 / 加以引導 / 加以調整 / 加以執行
1348,給予、予以。如：「這件事非常重要，必須優先加以處理。」,尖端,To give or grant; to handle or deal with something in a manner that reflects its importance.,給予、予以某種行動或處理。,該計畫的細節都已經加以確認，現在只需等待最終批准。 / 每位員工的意見都會被加以考慮，以便改善工作環境。 / 為了提高效率，任務的分配需要加以調整。 / 我們必須加以分析市場趨勢，才能做出明智的商業決策。 / 老師在課堂上加以強調這個概念的重要性，讓學生們印象深刻。 / 他強調在做這個專案之前，必須先加以評估資源的可行性。 / 為了確保活動的順利進行，所有的準備工作都需要加以檢查。 / 在這次會議上，領導對各部門的表現進行了加以評估。 / 公司決定對現有的政策加以修改，以適應新的市場需求。 / 我們的團隊正在加以研究這個問題，以找到最佳的解決方案。 / 在報告中，研究者對數據的來源加以說明，以增強其可信度。,va-t,加以說明 / 加以考慮 / 加以評估 / 加以改善 / 加以分析 / 加以處理 / 加以強調 / 加以引導 / 加以調整 / 加以執行
1349,給予、予以。如：「這件事非常重要，必須優先加以處理。」,間隔,To give or grant; to handle or deal with something in a manner that reflects its importance.,給予、予以某種行動或處理。,該計畫的細節都已經加以確認，現在只需等待最終批准。 / 每位員工的意見都會被加以考慮，以便改善工作環境。 / 為了提高效率，任務的分配需要加以調整。 / 我們必須加以分析市場趨勢，才能做出明智的商業決策。 / 老師在課堂上加以強調這個概念的重要性，讓學生們印象深刻。 / 他強調在做這個專案之前，必須先加以評估資源的可行性。 / 為了確保活動的順利進行，所有的準備工作都需要加以檢查。 / 在這次會議上，領導對各部門的表現進行了加以評估。 / 公司決定對現有的政策加以修改，以適應新的市場需求。 / 我們的團隊正在加以研究這個問題，以找到最佳的解決方案。 / 在報告中，研究者對數據的來源加以說明，以增強其可信度。,va-t,加以說明 / 加以考慮 / 加以評估 / 加以改善 / 加以分析 / 加以處理 / 加以強調 / 加以引導 / 加以調整 / 加以執行
1350,給予、予以。如：「這件事非常重要，必須優先加以處理。」,建構,To give or grant; to handle or deal with something in a manner that reflects its importance.,給予、予以某種行動或處理。,該計畫的細節都已經加以確認，現在只需等待最終批准。 / 每位員工的意見都會被加以考慮，以便改善工作環境。 / 為了提高效率，任務的分配需要加以調整。 / 我們必須加以分析市場趨勢，才能做出明智的商業決策。 / 老師在課堂上加以強調這個概念的重要性，讓學生們印象深刻。 / 他強調在做這個專案之前，必須先加以評估資源的可行性。 / 為了確保活動的順利進行，所有的準備工作都需要加以檢查。 / 在這次會議上，領導對各部門的表現進行了加以評估。 / 公司決定對現有的政策加以修改，以適應新的市場需求。 / 我們的團隊正在加以研究這個問題，以找到最佳的解決方案。 / 在報告中，研究者對數據的來源加以說明，以增強其可信度。,va-t,加以說明 / 加以考慮 / 加以評估 / 加以改善 / 加以分析 / 加以處理 / 加以強調 / 加以引導 / 加以調整 / 加以執行
1351,各方面同時照顧到。[例]要同時兼顧工作與學業，這不是一件容易的事。,兼顧,To consider and accommodate multiple aspects or needs simultaneously.,同時照顧到各個方面，使它們得到平衡。,在這個競爭激烈的時代，年輕人需要兼顧工作與學業，才能提升自己的職場競爭力。 / 父母常常面臨著要兼顧孩子的教育和家庭的經濟壓力，這讓他們感到非常疲憊。 / 作為一名學生，除了要兼顧課業外，他還希望能有時間發展自己的興趣愛好。 / 他們在策劃這次活動時，非常注重兼顧參與者的需求和安全考量。 / 對於忙碌的上班族來說，兼顧健康與工作的挑戰，使他們不得不重新評估自己的生活方式。 / 在創業的過程中，創業者需要兼顧產品的質量和市場的需求，這樣才能取得成功。 / 教育者在教學中，努力兼顧學生的個別差異和班級的整體氛圍，以促進更好的學習效果。 / 在旅遊計劃中，兼顧景點的多樣性和旅行的舒適性，讓整個行程更加愉快。 / 這家公司的管理層希望在推動業績增長的同時，兼顧員工的工作滿意度，以維持良好的職場氛圍。 / 為了實現可持續發展，政府在制定政策時需兼顧經濟發展和環境保護的雙重目標。 / 在每年的藝術展覽中，策展人努力兼顧傳統與現代藝術作品，讓觀眾感受到多元的文化衝擊。,vp-t,兼顧工作 / 兼顧家庭 / 兼顧學業 / 兼顧生活 / 兼顧健康 / 兼顧責任 / 兼顧興趣 / 兼顧學習 / 兼顧娛樂 / 兼顧需求
1352,各方面同時照顧到。[例]要同時兼顧工作與學業，這不是一件容易的事。,簡化,To consider and accommodate multiple aspects or needs simultaneously.,同時照顧到各個方面，使它們得到平衡。,在這個競爭激烈的時代，年輕人需要兼顧工作與學業，才能提升自己的職場競爭力。 / 父母常常面臨著要兼顧孩子的教育和家庭的經濟壓力，這讓他們感到非常疲憊。 / 作為一名學生，除了要兼顧課業外，他還希望能有時間發展自己的興趣愛好。 / 他們在策劃這次活動時，非常注重兼顧參與者的需求和安全考量。 / 對於忙碌的上班族來說，兼顧健康與工作的挑戰，使他們不得不重新評估自己的生活方式。 / 在創業的過程中，創業者需要兼顧產品的質量和市場的需求，這樣才能取得成功。 / 教育者在教學中，努力兼顧學生的個別差異和班級的整體氛圍，以促進更好的學習效果。 / 在旅遊計劃中，兼顧景點的多樣性和旅行的舒適性，讓整個行程更加愉快。 / 這家公司的管理層希望在推動業績增長的同時，兼顧員工的工作滿意度，以維持良好的職場氛圍。 / 為了實現可持續發展，政府在制定政策時需兼顧經濟發展和環境保護的雙重目標。 / 在每年的藝術展覽中，策展人努力兼顧傳統與現代藝術作品，讓觀眾感受到多元的文化衝擊。,vp-t,兼顧工作 / 兼顧家庭 / 兼顧學業 / 兼顧生活 / 兼顧健康 / 兼顧責任 / 兼顧興趣 / 兼顧學習 / 兼顧娛樂 / 兼顧需求
1353,各方面同時照顧到。[例]要同時兼顧工作與學業，這不是一件容易的事。,減緩,To consider and accommodate multiple aspects or needs simultaneously.,同時照顧到各個方面，使它們得到平衡。,在這個競爭激烈的時代，年輕人需要兼顧工作與學業，才能提升自己的職場競爭力。 / 父母常常面臨著要兼顧孩子的教育和家庭的經濟壓力，這讓他們感到非常疲憊。 / 作為一名學生，除了要兼顧課業外，他還希望能有時間發展自己的興趣愛好。 / 他們在策劃這次活動時，非常注重兼顧參與者的需求和安全考量。 / 對於忙碌的上班族來說，兼顧健康與工作的挑戰，使他們不得不重新評估自己的生活方式。 / 在創業的過程中，創業者需要兼顧產品的質量和市場的需求，這樣才能取得成功。 / 教育者在教學中，努力兼顧學生的個別差異和班級的整體氛圍，以促進更好的學習效果。 / 在旅遊計劃中，兼顧景點的多樣性和旅行的舒適性，讓整個行程更加愉快。 / 這家公司的管理層希望在推動業績增長的同時，兼顧員工的工作滿意度，以維持良好的職場氛圍。 / 為了實現可持續發展，政府在制定政策時需兼顧經濟發展和環境保護的雙重目標。 / 在每年的藝術展覽中，策展人努力兼顧傳統與現代藝術作品，讓觀眾感受到多元的文化衝擊。,vp-t,兼顧工作 / 兼顧家庭 / 兼顧學業 / 兼顧生活 / 兼顧健康 / 兼顧責任 / 兼顧興趣 / 兼顧學習 / 兼顧娛樂 / 兼顧需求
1354,各方面同時照顧到。[例]要同時兼顧工作與學業，這不是一件容易的事。,簡潔,To consider and accommodate multiple aspects or needs simultaneously.,同時照顧到各個方面，使它們得到平衡。,在這個競爭激烈的時代，年輕人需要兼顧工作與學業，才能提升自己的職場競爭力。 / 父母常常面臨著要兼顧孩子的教育和家庭的經濟壓力，這讓他們感到非常疲憊。 / 作為一名學生，除了要兼顧課業外，他還希望能有時間發展自己的興趣愛好。 / 他們在策劃這次活動時，非常注重兼顧參與者的需求和安全考量。 / 對於忙碌的上班族來說，兼顧健康與工作的挑戰，使他們不得不重新評估自己的生活方式。 / 在創業的過程中，創業者需要兼顧產品的質量和市場的需求，這樣才能取得成功。 / 教育者在教學中，努力兼顧學生的個別差異和班級的整體氛圍，以促進更好的學習效果。 / 在旅遊計劃中，兼顧景點的多樣性和旅行的舒適性，讓整個行程更加愉快。 / 這家公司的管理層希望在推動業績增長的同時，兼顧員工的工作滿意度，以維持良好的職場氛圍。 / 為了實現可持續發展，政府在制定政策時需兼顧經濟發展和環境保護的雙重目標。 / 在每年的藝術展覽中，策展人努力兼顧傳統與現代藝術作品，讓觀眾感受到多元的文化衝擊。,vp-t,兼顧工作 / 兼顧家庭 / 兼顧學業 / 兼顧生活 / 兼顧健康 / 兼顧責任 / 兼顧興趣 / 兼顧學習 / 兼顧娛樂 / 兼顧需求
1355,各方面同時照顧到。[例]要同時兼顧工作與學業，這不是一件容易的事。,剪接,To consider and accommodate multiple aspects or needs simultaneously.,同時照顧到各個方面，使它們得到平衡。,在這個競爭激烈的時代，年輕人需要兼顧工作與學業，才能提升自己的職場競爭力。 / 父母常常面臨著要兼顧孩子的教育和家庭的經濟壓力，這讓他們感到非常疲憊。 / 作為一名學生，除了要兼顧課業外，他還希望能有時間發展自己的興趣愛好。 / 他們在策劃這次活動時，非常注重兼顧參與者的需求和安全考量。 / 對於忙碌的上班族來說，兼顧健康與工作的挑戰，使他們不得不重新評估自己的生活方式。 / 在創業的過程中，創業者需要兼顧產品的質量和市場的需求，這樣才能取得成功。 / 教育者在教學中，努力兼顧學生的個別差異和班級的整體氛圍，以促進更好的學習效果。 / 在旅遊計劃中，兼顧景點的多樣性和旅行的舒適性，讓整個行程更加愉快。 / 這家公司的管理層希望在推動業績增長的同時，兼顧員工的工作滿意度，以維持良好的職場氛圍。 / 為了實現可持續發展，政府在制定政策時需兼顧經濟發展和環境保護的雙重目標。 / 在每年的藝術展覽中，策展人努力兼顧傳統與現代藝術作品，讓觀眾感受到多元的文化衝擊。,vp-t,兼顧工作 / 兼顧家庭 / 兼顧學業 / 兼顧生活 / 兼顧健康 / 兼顧責任 / 兼顧興趣 / 兼顧學習 / 兼顧娛樂 / 兼顧需求
1356,各方面同時照顧到。[例]要同時兼顧工作與學業，這不是一件容易的事。,漸進,To consider and accommodate multiple aspects or needs simultaneously.,同時照顧到各個方面，使它們得到平衡。,在這個競爭激烈的時代，年輕人需要兼顧工作與學業，才能提升自己的職場競爭力。 / 父母常常面臨著要兼顧孩子的教育和家庭的經濟壓力，這讓他們感到非常疲憊。 / 作為一名學生，除了要兼顧課業外，他還希望能有時間發展自己的興趣愛好。 / 他們在策劃這次活動時，非常注重兼顧參與者的需求和安全考量。 / 對於忙碌的上班族來說，兼顧健康與工作的挑戰，使他們不得不重新評估自己的生活方式。 / 在創業的過程中，創業者需要兼顧產品的質量和市場的需求，這樣才能取得成功。 / 教育者在教學中，努力兼顧學生的個別差異和班級的整體氛圍，以促進更好的學習效果。 / 在旅遊計劃中，兼顧景點的多樣性和旅行的舒適性，讓整個行程更加愉快。 / 這家公司的管理層希望在推動業績增長的同時，兼顧員工的工作滿意度，以維持良好的職場氛圍。 / 為了實現可持續發展，政府在制定政策時需兼顧經濟發展和環境保護的雙重目標。 / 在每年的藝術展覽中，策展人努力兼顧傳統與現代藝術作品，讓觀眾感受到多元的文化衝擊。,vp-t,兼顧工作 / 兼顧家庭 / 兼顧學業 / 兼顧生活 / 兼顧健康 / 兼顧責任 / 兼顧興趣 / 兼顧學習 / 兼顧娛樂 / 兼顧需求
1357,各方面同時照顧到。[例]要同時兼顧工作與學業，這不是一件容易的事。,兼具,To consider and accommodate multiple aspects or needs simultaneously.,同時照顧到各個方面，使它們得到平衡。,在這個競爭激烈的時代，年輕人需要兼顧工作與學業，才能提升自己的職場競爭力。 / 父母常常面臨著要兼顧孩子的教育和家庭的經濟壓力，這讓他們感到非常疲憊。 / 作為一名學生，除了要兼顧課業外，他還希望能有時間發展自己的興趣愛好。 / 他們在策劃這次活動時，非常注重兼顧參與者的需求和安全考量。 / 對於忙碌的上班族來說，兼顧健康與工作的挑戰，使他們不得不重新評估自己的生活方式。 / 在創業的過程中，創業者需要兼顧產品的質量和市場的需求，這樣才能取得成功。 / 教育者在教學中，努力兼顧學生的個別差異和班級的整體氛圍，以促進更好的學習效果。 / 在旅遊計劃中，兼顧景點的多樣性和旅行的舒適性，讓整個行程更加愉快。 / 這家公司的管理層希望在推動業績增長的同時，兼顧員工的工作滿意度，以維持良好的職場氛圍。 / 為了實現可持續發展，政府在制定政策時需兼顧經濟發展和環境保護的雙重目標。 / 在每年的藝術展覽中，策展人努力兼顧傳統與現代藝術作品，讓觀眾感受到多元的文化衝擊。,vp-t,兼顧工作 / 兼顧家庭 / 兼顧學業 / 兼顧生活 / 兼顧健康 / 兼顧責任 / 兼顧興趣 / 兼顧學習 / 兼顧娛樂 / 兼顧需求
1358,各方面同時照顧到。[例]要同時兼顧工作與學業，這不是一件容易的事。,監控,To consider and accommodate multiple aspects or needs simultaneously.,同時照顧到各個方面，使它們得到平衡。,在這個競爭激烈的時代，年輕人需要兼顧工作與學業，才能提升自己的職場競爭力。 / 父母常常面臨著要兼顧孩子的教育和家庭的經濟壓力，這讓他們感到非常疲憊。 / 作為一名學生，除了要兼顧課業外，他還希望能有時間發展自己的興趣愛好。 / 他們在策劃這次活動時，非常注重兼顧參與者的需求和安全考量。 / 對於忙碌的上班族來說，兼顧健康與工作的挑戰，使他們不得不重新評估自己的生活方式。 / 在創業的過程中，創業者需要兼顧產品的質量和市場的需求，這樣才能取得成功。 / 教育者在教學中，努力兼顧學生的個別差異和班級的整體氛圍，以促進更好的學習效果。 / 在旅遊計劃中，兼顧景點的多樣性和旅行的舒適性，讓整個行程更加愉快。 / 這家公司的管理層希望在推動業績增長的同時，兼顧員工的工作滿意度，以維持良好的職場氛圍。 / 為了實現可持續發展，政府在制定政策時需兼顧經濟發展和環境保護的雙重目標。 / 在每年的藝術展覽中，策展人努力兼顧傳統與現代藝術作品，讓觀眾感受到多元的文化衝擊。,vp-t,兼顧工作 / 兼顧家庭 / 兼顧學業 / 兼顧生活 / 兼顧健康 / 兼顧責任 / 兼顧興趣 / 兼顧學習 / 兼顧娛樂 / 兼顧需求
1359,各方面同時照顧到。[例]要同時兼顧工作與學業，這不是一件容易的事。,艱苦,To consider and accommodate multiple aspects or needs simultaneously.,同時照顧到各個方面，使它們得到平衡。,在這個競爭激烈的時代，年輕人需要兼顧工作與學業，才能提升自己的職場競爭力。 / 父母常常面臨著要兼顧孩子的教育和家庭的經濟壓力，這讓他們感到非常疲憊。 / 作為一名學生，除了要兼顧課業外，他還希望能有時間發展自己的興趣愛好。 / 他們在策劃這次活動時，非常注重兼顧參與者的需求和安全考量。 / 對於忙碌的上班族來說，兼顧健康與工作的挑戰，使他們不得不重新評估自己的生活方式。 / 在創業的過程中，創業者需要兼顧產品的質量和市場的需求，這樣才能取得成功。 / 教育者在教學中，努力兼顧學生的個別差異和班級的整體氛圍，以促進更好的學習效果。 / 在旅遊計劃中，兼顧景點的多樣性和旅行的舒適性，讓整個行程更加愉快。 / 這家公司的管理層希望在推動業績增長的同時，兼顧員工的工作滿意度，以維持良好的職場氛圍。 / 為了實現可持續發展，政府在制定政策時需兼顧經濟發展和環境保護的雙重目標。 / 在每年的藝術展覽中，策展人努力兼顧傳統與現代藝術作品，讓觀眾感受到多元的文化衝擊。,vp-t,兼顧工作 / 兼顧家庭 / 兼顧學業 / 兼顧生活 / 兼顧健康 / 兼顧責任 / 兼顧興趣 / 兼顧學習 / 兼顧娛樂 / 兼顧需求
1360,各方面同時照顧到。[例]要同時兼顧工作與學業，這不是一件容易的事。,艱困,To consider and accommodate multiple aspects or needs simultaneously.,同時照顧到各個方面，使它們得到平衡。,在這個競爭激烈的時代，年輕人需要兼顧工作與學業，才能提升自己的職場競爭力。 / 父母常常面臨著要兼顧孩子的教育和家庭的經濟壓力，這讓他們感到非常疲憊。 / 作為一名學生，除了要兼顧課業外，他還希望能有時間發展自己的興趣愛好。 / 他們在策劃這次活動時，非常注重兼顧參與者的需求和安全考量。 / 對於忙碌的上班族來說，兼顧健康與工作的挑戰，使他們不得不重新評估自己的生活方式。 / 在創業的過程中，創業者需要兼顧產品的質量和市場的需求，這樣才能取得成功。 / 教育者在教學中，努力兼顧學生的個別差異和班級的整體氛圍，以促進更好的學習效果。 / 在旅遊計劃中，兼顧景點的多樣性和旅行的舒適性，讓整個行程更加愉快。 / 這家公司的管理層希望在推動業績增長的同時，兼顧員工的工作滿意度，以維持良好的職場氛圍。 / 為了實現可持續發展，政府在制定政策時需兼顧經濟發展和環境保護的雙重目標。 / 在每年的藝術展覽中，策展人努力兼顧傳統與現代藝術作品，讓觀眾感受到多元的文化衝擊。,vp-t,兼顧工作 / 兼顧家庭 / 兼顧學業 / 兼顧生活 / 兼顧健康 / 兼顧責任 / 兼顧興趣 / 兼顧學習 / 兼顧娛樂 / 兼顧需求
1361,各方面同時照顧到。[例]要同時兼顧工作與學業，這不是一件容易的事。,簡陋,To consider and accommodate multiple aspects or needs simultaneously.,同時照顧到各個方面，使它們得到平衡。,在這個競爭激烈的時代，年輕人需要兼顧工作與學業，才能提升自己的職場競爭力。 / 父母常常面臨著要兼顧孩子的教育和家庭的經濟壓力，這讓他們感到非常疲憊。 / 作為一名學生，除了要兼顧課業外，他還希望能有時間發展自己的興趣愛好。 / 他們在策劃這次活動時，非常注重兼顧參與者的需求和安全考量。 / 對於忙碌的上班族來說，兼顧健康與工作的挑戰，使他們不得不重新評估自己的生活方式。 / 在創業的過程中，創業者需要兼顧產品的質量和市場的需求，這樣才能取得成功。 / 教育者在教學中，努力兼顧學生的個別差異和班級的整體氛圍，以促進更好的學習效果。 / 在旅遊計劃中，兼顧景點的多樣性和旅行的舒適性，讓整個行程更加愉快。 / 這家公司的管理層希望在推動業績增長的同時，兼顧員工的工作滿意度，以維持良好的職場氛圍。 / 為了實現可持續發展，政府在制定政策時需兼顧經濟發展和環境保護的雙重目標。 / 在每年的藝術展覽中，策展人努力兼顧傳統與現代藝術作品，讓觀眾感受到多元的文化衝擊。,vp-t,兼顧工作 / 兼顧家庭 / 兼顧學業 / 兼顧生活 / 兼顧健康 / 兼顧責任 / 兼顧興趣 / 兼顧學習 / 兼顧娛樂 / 兼顧需求
1362,,兼任,,,,,
1362,各方面同時照顧到。[例]要同時兼顧工作與學業，這不是一件容易的事。,兼任,To consider and accommodate multiple aspects or needs simultaneously.,同時照顧到各個方面，使它們得到平衡。,在這個競爭激烈的時代，年輕人需要兼顧工作與學業，才能提升自己的職場競爭力。 / 父母常常面臨著要兼顧孩子的教育和家庭的經濟壓力，這讓他們感到非常疲憊。 / 作為一名學生，除了要兼顧課業外，他還希望能有時間發展自己的興趣愛好。 / 他們在策劃這次活動時，非常注重兼顧參與者的需求和安全考量。 / 對於忙碌的上班族來說，兼顧健康與工作的挑戰，使他們不得不重新評估自己的生活方式。 / 在創業的過程中，創業者需要兼顧產品的質量和市場的需求，這樣才能取得成功。 / 教育者在教學中，努力兼顧學生的個別差異和班級的整體氛圍，以促進更好的學習效果。 / 在旅遊計劃中，兼顧景點的多樣性和旅行的舒適性，讓整個行程更加愉快。 / 這家公司的管理層希望在推動業績增長的同時，兼顧員工的工作滿意度，以維持良好的職場氛圍。 / 為了實現可持續發展，政府在制定政策時需兼顧經濟發展和環境保護的雙重目標。 / 在每年的藝術展覽中，策展人努力兼顧傳統與現代藝術作品，讓觀眾感受到多元的文化衝擊。,vp-t,兼顧工作 / 兼顧家庭 / 兼顧學業 / 兼顧生活 / 兼顧健康 / 兼顧責任 / 兼顧興趣 / 兼顧學習 / 兼顧娛樂 / 兼顧需求
1363,各方面同時照顧到。[例]要同時兼顧工作與學業，這不是一件容易的事。,尖銳,To consider and accommodate multiple aspects or needs simultaneously.,同時照顧到各個方面，使它們得到平衡。,在這個競爭激烈的時代，年輕人需要兼顧工作與學業，才能提升自己的職場競爭力。 / 父母常常面臨著要兼顧孩子的教育和家庭的經濟壓力，這讓他們感到非常疲憊。 / 作為一名學生，除了要兼顧課業外，他還希望能有時間發展自己的興趣愛好。 / 他們在策劃這次活動時，非常注重兼顧參與者的需求和安全考量。 / 對於忙碌的上班族來說，兼顧健康與工作的挑戰，使他們不得不重新評估自己的生活方式。 / 在創業的過程中，創業者需要兼顧產品的質量和市場的需求，這樣才能取得成功。 / 教育者在教學中，努力兼顧學生的個別差異和班級的整體氛圍，以促進更好的學習效果。 / 在旅遊計劃中，兼顧景點的多樣性和旅行的舒適性，讓整個行程更加愉快。 / 這家公司的管理層希望在推動業績增長的同時，兼顧員工的工作滿意度，以維持良好的職場氛圍。 / 為了實現可持續發展，政府在制定政策時需兼顧經濟發展和環境保護的雙重目標。 / 在每年的藝術展覽中，策展人努力兼顧傳統與現代藝術作品，讓觀眾感受到多元的文化衝擊。,vp-t,兼顧工作 / 兼顧家庭 / 兼顧學業 / 兼顧生活 / 兼顧健康 / 兼顧責任 / 兼顧興趣 / 兼顧學習 / 兼顧娛樂 / 兼顧需求
1363,,尖銳,,,,,
1363,,尖銳,,,,,
1364,各方面同時照顧到。[例]要同時兼顧工作與學業，這不是一件容易的事。,健身房,To consider and accommodate multiple aspects or needs simultaneously.,同時照顧到各個方面，使它們得到平衡。,在這個競爭激烈的時代，年輕人需要兼顧工作與學業，才能提升自己的職場競爭力。 / 父母常常面臨著要兼顧孩子的教育和家庭的經濟壓力，這讓他們感到非常疲憊。 / 作為一名學生，除了要兼顧課業外，他還希望能有時間發展自己的興趣愛好。 / 他們在策劃這次活動時，非常注重兼顧參與者的需求和安全考量。 / 對於忙碌的上班族來說，兼顧健康與工作的挑戰，使他們不得不重新評估自己的生活方式。 / 在創業的過程中，創業者需要兼顧產品的質量和市場的需求，這樣才能取得成功。 / 教育者在教學中，努力兼顧學生的個別差異和班級的整體氛圍，以促進更好的學習效果。 / 在旅遊計劃中，兼顧景點的多樣性和旅行的舒適性，讓整個行程更加愉快。 / 這家公司的管理層希望在推動業績增長的同時，兼顧員工的工作滿意度，以維持良好的職場氛圍。 / 為了實現可持續發展，政府在制定政策時需兼顧經濟發展和環境保護的雙重目標。 / 在每年的藝術展覽中，策展人努力兼顧傳統與現代藝術作品，讓觀眾感受到多元的文化衝擊。,vp-t,兼顧工作 / 兼顧家庭 / 兼顧學業 / 兼顧生活 / 兼顧健康 / 兼顧責任 / 兼顧興趣 / 兼顧學習 / 兼顧娛樂 / 兼顧需求
1365,各方面同時照顧到。[例]要同時兼顧工作與學業，這不是一件容易的事。,檢視,To consider and accommodate multiple aspects or needs simultaneously.,同時照顧到各個方面，使它們得到平衡。,在這個競爭激烈的時代，年輕人需要兼顧工作與學業，才能提升自己的職場競爭力。 / 父母常常面臨著要兼顧孩子的教育和家庭的經濟壓力，這讓他們感到非常疲憊。 / 作為一名學生，除了要兼顧課業外，他還希望能有時間發展自己的興趣愛好。 / 他們在策劃這次活動時，非常注重兼顧參與者的需求和安全考量。 / 對於忙碌的上班族來說，兼顧健康與工作的挑戰，使他們不得不重新評估自己的生活方式。 / 在創業的過程中，創業者需要兼顧產品的質量和市場的需求，這樣才能取得成功。 / 教育者在教學中，努力兼顧學生的個別差異和班級的整體氛圍，以促進更好的學習效果。 / 在旅遊計劃中，兼顧景點的多樣性和旅行的舒適性，讓整個行程更加愉快。 / 這家公司的管理層希望在推動業績增長的同時，兼顧員工的工作滿意度，以維持良好的職場氛圍。 / 為了實現可持續發展，政府在制定政策時需兼顧經濟發展和環境保護的雙重目標。 / 在每年的藝術展覽中，策展人努力兼顧傳統與現代藝術作品，讓觀眾感受到多元的文化衝擊。,vp-t,兼顧工作 / 兼顧家庭 / 兼顧學業 / 兼顧生活 / 兼顧健康 / 兼顧責任 / 兼顧興趣 / 兼顧學習 / 兼顧娛樂 / 兼顧需求
1366,各方面同時照顧到。[例]要同時兼顧工作與學業，這不是一件容易的事。,堅守,To consider and accommodate multiple aspects or needs simultaneously.,同時照顧到各個方面，使它們得到平衡。,在這個競爭激烈的時代，年輕人需要兼顧工作與學業，才能提升自己的職場競爭力。 / 父母常常面臨著要兼顧孩子的教育和家庭的經濟壓力，這讓他們感到非常疲憊。 / 作為一名學生，除了要兼顧課業外，他還希望能有時間發展自己的興趣愛好。 / 他們在策劃這次活動時，非常注重兼顧參與者的需求和安全考量。 / 對於忙碌的上班族來說，兼顧健康與工作的挑戰，使他們不得不重新評估自己的生活方式。 / 在創業的過程中，創業者需要兼顧產品的質量和市場的需求，這樣才能取得成功。 / 教育者在教學中，努力兼顧學生的個別差異和班級的整體氛圍，以促進更好的學習效果。 / 在旅遊計劃中，兼顧景點的多樣性和旅行的舒適性，讓整個行程更加愉快。 / 這家公司的管理層希望在推動業績增長的同時，兼顧員工的工作滿意度，以維持良好的職場氛圍。 / 為了實現可持續發展，政府在制定政策時需兼顧經濟發展和環境保護的雙重目標。 / 在每年的藝術展覽中，策展人努力兼顧傳統與現代藝術作品，讓觀眾感受到多元的文化衝擊。,vp-t,兼顧工作 / 兼顧家庭 / 兼顧學業 / 兼顧生活 / 兼顧健康 / 兼顧責任 / 兼顧興趣 / 兼顧學習 / 兼顧娛樂 / 兼顧需求
1367,各方面同時照顧到。[例]要同時兼顧工作與學業，這不是一件容易的事。,見聞,To consider and accommodate multiple aspects or needs simultaneously.,同時照顧到各個方面，使它們得到平衡。,在這個競爭激烈的時代，年輕人需要兼顧工作與學業，才能提升自己的職場競爭力。 / 父母常常面臨著要兼顧孩子的教育和家庭的經濟壓力，這讓他們感到非常疲憊。 / 作為一名學生，除了要兼顧課業外，他還希望能有時間發展自己的興趣愛好。 / 他們在策劃這次活動時，非常注重兼顧參與者的需求和安全考量。 / 對於忙碌的上班族來說，兼顧健康與工作的挑戰，使他們不得不重新評估自己的生活方式。 / 在創業的過程中，創業者需要兼顧產品的質量和市場的需求，這樣才能取得成功。 / 教育者在教學中，努力兼顧學生的個別差異和班級的整體氛圍，以促進更好的學習效果。 / 在旅遊計劃中，兼顧景點的多樣性和旅行的舒適性，讓整個行程更加愉快。 / 這家公司的管理層希望在推動業績增長的同時，兼顧員工的工作滿意度，以維持良好的職場氛圍。 / 為了實現可持續發展，政府在制定政策時需兼顧經濟發展和環境保護的雙重目標。 / 在每年的藝術展覽中，策展人努力兼顧傳統與現代藝術作品，讓觀眾感受到多元的文化衝擊。,vp-t,兼顧工作 / 兼顧家庭 / 兼顧學業 / 兼顧生活 / 兼顧健康 / 兼顧責任 / 兼顧興趣 / 兼顧學習 / 兼顧娛樂 / 兼顧需求
1368,各方面同時照顧到。[例]要同時兼顧工作與學業，這不是一件容易的事。,堅信,To consider and accommodate multiple aspects or needs simultaneously.,同時照顧到各個方面，使它們得到平衡。,在這個競爭激烈的時代，年輕人需要兼顧工作與學業，才能提升自己的職場競爭力。 / 父母常常面臨著要兼顧孩子的教育和家庭的經濟壓力，這讓他們感到非常疲憊。 / 作為一名學生，除了要兼顧課業外，他還希望能有時間發展自己的興趣愛好。 / 他們在策劃這次活動時，非常注重兼顧參與者的需求和安全考量。 / 對於忙碌的上班族來說，兼顧健康與工作的挑戰，使他們不得不重新評估自己的生活方式。 / 在創業的過程中，創業者需要兼顧產品的質量和市場的需求，這樣才能取得成功。 / 教育者在教學中，努力兼顧學生的個別差異和班級的整體氛圍，以促進更好的學習效果。 / 在旅遊計劃中，兼顧景點的多樣性和旅行的舒適性，讓整個行程更加愉快。 / 這家公司的管理層希望在推動業績增長的同時，兼顧員工的工作滿意度，以維持良好的職場氛圍。 / 為了實現可持續發展，政府在制定政策時需兼顧經濟發展和環境保護的雙重目標。 / 在每年的藝術展覽中，策展人努力兼顧傳統與現代藝術作品，讓觀眾感受到多元的文化衝擊。,vp-t,兼顧工作 / 兼顧家庭 / 兼顧學業 / 兼顧生活 / 兼顧健康 / 兼顧責任 / 兼顧興趣 / 兼顧學習 / 兼顧娛樂 / 兼顧需求
1369,各方面同時照顧到。[例]要同時兼顧工作與學業，這不是一件容易的事。,艱辛,To consider and accommodate multiple aspects or needs simultaneously.,同時照顧到各個方面，使它們得到平衡。,在這個競爭激烈的時代，年輕人需要兼顧工作與學業，才能提升自己的職場競爭力。 / 父母常常面臨著要兼顧孩子的教育和家庭的經濟壓力，這讓他們感到非常疲憊。 / 作為一名學生，除了要兼顧課業外，他還希望能有時間發展自己的興趣愛好。 / 他們在策劃這次活動時，非常注重兼顧參與者的需求和安全考量。 / 對於忙碌的上班族來說，兼顧健康與工作的挑戰，使他們不得不重新評估自己的生活方式。 / 在創業的過程中，創業者需要兼顧產品的質量和市場的需求，這樣才能取得成功。 / 教育者在教學中，努力兼顧學生的個別差異和班級的整體氛圍，以促進更好的學習效果。 / 在旅遊計劃中，兼顧景點的多樣性和旅行的舒適性，讓整個行程更加愉快。 / 這家公司的管理層希望在推動業績增長的同時，兼顧員工的工作滿意度，以維持良好的職場氛圍。 / 為了實現可持續發展，政府在制定政策時需兼顧經濟發展和環境保護的雙重目標。 / 在每年的藝術展覽中，策展人努力兼顧傳統與現代藝術作品，讓觀眾感受到多元的文化衝擊。,vp-t,兼顧工作 / 兼顧家庭 / 兼顧學業 / 兼顧生活 / 兼顧健康 / 兼顧責任 / 兼顧興趣 / 兼顧學習 / 兼顧娛樂 / 兼顧需求
1370,各方面同時照顧到。[例]要同時兼顧工作與學業，這不是一件容易的事。,堅毅,To consider and accommodate multiple aspects or needs simultaneously.,同時照顧到各個方面，使它們得到平衡。,在這個競爭激烈的時代，年輕人需要兼顧工作與學業，才能提升自己的職場競爭力。 / 父母常常面臨著要兼顧孩子的教育和家庭的經濟壓力，這讓他們感到非常疲憊。 / 作為一名學生，除了要兼顧課業外，他還希望能有時間發展自己的興趣愛好。 / 他們在策劃這次活動時，非常注重兼顧參與者的需求和安全考量。 / 對於忙碌的上班族來說，兼顧健康與工作的挑戰，使他們不得不重新評估自己的生活方式。 / 在創業的過程中，創業者需要兼顧產品的質量和市場的需求，這樣才能取得成功。 / 教育者在教學中，努力兼顧學生的個別差異和班級的整體氛圍，以促進更好的學習效果。 / 在旅遊計劃中，兼顧景點的多樣性和旅行的舒適性，讓整個行程更加愉快。 / 這家公司的管理層希望在推動業績增長的同時，兼顧員工的工作滿意度，以維持良好的職場氛圍。 / 為了實現可持續發展，政府在制定政策時需兼顧經濟發展和環境保護的雙重目標。 / 在每年的藝術展覽中，策展人努力兼顧傳統與現代藝術作品，讓觀眾感受到多元的文化衝擊。,vp-t,兼顧工作 / 兼顧家庭 / 兼顧學業 / 兼顧生活 / 兼顧健康 / 兼顧責任 / 兼顧興趣 / 兼顧學習 / 兼顧娛樂 / 兼顧需求
1371,各方面同時照顧到。[例]要同時兼顧工作與學業，這不是一件容易的事。,堅硬,To consider and accommodate multiple aspects or needs simultaneously.,同時照顧到各個方面，使它們得到平衡。,在這個競爭激烈的時代，年輕人需要兼顧工作與學業，才能提升自己的職場競爭力。 / 父母常常面臨著要兼顧孩子的教育和家庭的經濟壓力，這讓他們感到非常疲憊。 / 作為一名學生，除了要兼顧課業外，他還希望能有時間發展自己的興趣愛好。 / 他們在策劃這次活動時，非常注重兼顧參與者的需求和安全考量。 / 對於忙碌的上班族來說，兼顧健康與工作的挑戰，使他們不得不重新評估自己的生活方式。 / 在創業的過程中，創業者需要兼顧產品的質量和市場的需求，這樣才能取得成功。 / 教育者在教學中，努力兼顧學生的個別差異和班級的整體氛圍，以促進更好的學習效果。 / 在旅遊計劃中，兼顧景點的多樣性和旅行的舒適性，讓整個行程更加愉快。 / 這家公司的管理層希望在推動業績增長的同時，兼顧員工的工作滿意度，以維持良好的職場氛圍。 / 為了實現可持續發展，政府在制定政策時需兼顧經濟發展和環境保護的雙重目標。 / 在每年的藝術展覽中，策展人努力兼顧傳統與現代藝術作品，讓觀眾感受到多元的文化衝擊。,vp-t,兼顧工作 / 兼顧家庭 / 兼顧學業 / 兼顧生活 / 兼顧健康 / 兼顧責任 / 兼顧興趣 / 兼顧學習 / 兼顧娛樂 / 兼顧需求
1372,各方面同時照顧到。[例]要同時兼顧工作與學業，這不是一件容易的事。,監獄,To consider and accommodate multiple aspects or needs simultaneously.,同時照顧到各個方面，使它們得到平衡。,在這個競爭激烈的時代，年輕人需要兼顧工作與學業，才能提升自己的職場競爭力。 / 父母常常面臨著要兼顧孩子的教育和家庭的經濟壓力，這讓他們感到非常疲憊。 / 作為一名學生，除了要兼顧課業外，他還希望能有時間發展自己的興趣愛好。 / 他們在策劃這次活動時，非常注重兼顧參與者的需求和安全考量。 / 對於忙碌的上班族來說，兼顧健康與工作的挑戰，使他們不得不重新評估自己的生活方式。 / 在創業的過程中，創業者需要兼顧產品的質量和市場的需求，這樣才能取得成功。 / 教育者在教學中，努力兼顧學生的個別差異和班級的整體氛圍，以促進更好的學習效果。 / 在旅遊計劃中，兼顧景點的多樣性和旅行的舒適性，讓整個行程更加愉快。 / 這家公司的管理層希望在推動業績增長的同時，兼顧員工的工作滿意度，以維持良好的職場氛圍。 / 為了實現可持續發展，政府在制定政策時需兼顧經濟發展和環境保護的雙重目標。 / 在每年的藝術展覽中，策展人努力兼顧傳統與現代藝術作品，讓觀眾感受到多元的文化衝擊。,vp-t,兼顧工作 / 兼顧家庭 / 兼顧學業 / 兼顧生活 / 兼顧健康 / 兼顧責任 / 兼顧興趣 / 兼顧學習 / 兼顧娛樂 / 兼顧需求
1373,當場目睹而可以作證的人或可以作為證據的物品。[例]事發時他正好路過該處，可為這場車禍見證。,見證,A witness; a person or thing that can provide testimony or evidence based on direct observation.,當場目睹某個事件的人或可以作為證據的物品。,法庭上，他是一個重要的見證人，能夠提供關鍵的證據。 / 在這場比賽中，選手們的努力和汗水都是實現夢想的珍貴見證。 / 這段錄影帶成為了事件發生時的清晰見證，讓人們了解真相。 / 每一位參加者的分享都是對這個活動成功的見證，讓大家更加珍惜這份經歷。 / 他們的友情經歷了多年的考驗，成為彼此生命中的美好見證。 / 在咖啡廳裡，一位顧客的微笑默默見證了這家店的溫馨氛圍。 / 這本相冊記錄了家族的點滴歷史，成為每個成員之間情感的可靠見證。 / 她在演講中提到的每一個故事都是對自己奮鬥過程的真實見證，激勵了在場的每一個人。 / 博物館中的每一件展品都見證了人類文明的演變，讓參觀者感受到歷史的深遠。 / 這次旅行中的每一個瞬間都是一段難忘回憶的見證，讓她時時想起當時的快樂。 / 社區活動吸引了大量居民參與，他們的熱情見證了這個地方的團結與關愛。,vs-t/N,一個見證人 / 重要的見證 / 提供見證 / 作為見證 / 可靠的見證 / 清晰的見證 / 見證歷史 / 决定性的見證 / 珍貴的見證 / 描述見證
1374,當場目睹而可以作證的人或可以作為證據的物品。[例]事發時他正好路過該處，可為這場車禍見證。,僵,A witness; a person or thing that can provide testimony or evidence based on direct observation.,當場目睹某個事件的人或可以作為證據的物品。,法庭上，他是一個重要的見證人，能夠提供關鍵的證據。 / 在這場比賽中，選手們的努力和汗水都是實現夢想的珍貴見證。 / 這段錄影帶成為了事件發生時的清晰見證，讓人們了解真相。 / 每一位參加者的分享都是對這個活動成功的見證，讓大家更加珍惜這份經歷。 / 他們的友情經歷了多年的考驗，成為彼此生命中的美好見證。 / 在咖啡廳裡，一位顧客的微笑默默見證了這家店的溫馨氛圍。 / 這本相冊記錄了家族的點滴歷史，成為每個成員之間情感的可靠見證。 / 她在演講中提到的每一個故事都是對自己奮鬥過程的真實見證，激勵了在場的每一個人。 / 博物館中的每一件展品都見證了人類文明的演變，讓參觀者感受到歷史的深遠。 / 這次旅行中的每一個瞬間都是一段難忘回憶的見證，讓她時時想起當時的快樂。 / 社區活動吸引了大量居民參與，他們的熱情見證了這個地方的團結與關愛。,vs-t/N,一個見證人 / 重要的見證 / 提供見證 / 作為見證 / 可靠的見證 / 清晰的見證 / 見證歷史 / 决定性的見證 / 珍貴的見證 / 描述見證
1374,,僵,,,,,
1375,當場目睹而可以作證的人或可以作為證據的物品。[例]事發時他正好路過該處，可為這場車禍見證。,江湖,A witness; a person or thing that can provide testimony or evidence based on direct observation.,當場目睹某個事件的人或可以作為證據的物品。,法庭上，他是一個重要的見證人，能夠提供關鍵的證據。 / 在這場比賽中，選手們的努力和汗水都是實現夢想的珍貴見證。 / 這段錄影帶成為了事件發生時的清晰見證，讓人們了解真相。 / 每一位參加者的分享都是對這個活動成功的見證，讓大家更加珍惜這份經歷。 / 他們的友情經歷了多年的考驗，成為彼此生命中的美好見證。 / 在咖啡廳裡，一位顧客的微笑默默見證了這家店的溫馨氛圍。 / 這本相冊記錄了家族的點滴歷史，成為每個成員之間情感的可靠見證。 / 她在演講中提到的每一個故事都是對自己奮鬥過程的真實見證，激勵了在場的每一個人。 / 博物館中的每一件展品都見證了人類文明的演變，讓參觀者感受到歷史的深遠。 / 這次旅行中的每一個瞬間都是一段難忘回憶的見證，讓她時時想起當時的快樂。 / 社區活動吸引了大量居民參與，他們的熱情見證了這個地方的團結與關愛。,vs-t/N,一個見證人 / 重要的見證 / 提供見證 / 作為見證 / 可靠的見證 / 清晰的見證 / 見證歷史 / 决定性的見證 / 珍貴的見證 / 描述見證
1375,,江湖,,,,,
1376,當場目睹而可以作證的人或可以作為證據的物品。[例]事發時他正好路過該處，可為這場車禍見證。,僵局,A witness; a person or thing that can provide testimony or evidence based on direct observation.,當場目睹某個事件的人或可以作為證據的物品。,法庭上，他是一個重要的見證人，能夠提供關鍵的證據。 / 在這場比賽中，選手們的努力和汗水都是實現夢想的珍貴見證。 / 這段錄影帶成為了事件發生時的清晰見證，讓人們了解真相。 / 每一位參加者的分享都是對這個活動成功的見證，讓大家更加珍惜這份經歷。 / 他們的友情經歷了多年的考驗，成為彼此生命中的美好見證。 / 在咖啡廳裡，一位顧客的微笑默默見證了這家店的溫馨氛圍。 / 這本相冊記錄了家族的點滴歷史，成為每個成員之間情感的可靠見證。 / 她在演講中提到的每一個故事都是對自己奮鬥過程的真實見證，激勵了在場的每一個人。 / 博物館中的每一件展品都見證了人類文明的演變，讓參觀者感受到歷史的深遠。 / 這次旅行中的每一個瞬間都是一段難忘回憶的見證，讓她時時想起當時的快樂。 / 社區活動吸引了大量居民參與，他們的熱情見證了這個地方的團結與關愛。,vs-t/N,一個見證人 / 重要的見證 / 提供見證 / 作為見證 / 可靠的見證 / 清晰的見證 / 見證歷史 / 决定性的見證 / 珍貴的見證 / 描述見證
1377,當場目睹而可以作證的人或可以作為證據的物品。[例]事發時他正好路過該處，可為這場車禍見證。,將軍,A witness; a person or thing that can provide testimony or evidence based on direct observation.,當場目睹某個事件的人或可以作為證據的物品。,法庭上，他是一個重要的見證人，能夠提供關鍵的證據。 / 在這場比賽中，選手們的努力和汗水都是實現夢想的珍貴見證。 / 這段錄影帶成為了事件發生時的清晰見證，讓人們了解真相。 / 每一位參加者的分享都是對這個活動成功的見證，讓大家更加珍惜這份經歷。 / 他們的友情經歷了多年的考驗，成為彼此生命中的美好見證。 / 在咖啡廳裡，一位顧客的微笑默默見證了這家店的溫馨氛圍。 / 這本相冊記錄了家族的點滴歷史，成為每個成員之間情感的可靠見證。 / 她在演講中提到的每一個故事都是對自己奮鬥過程的真實見證，激勵了在場的每一個人。 / 博物館中的每一件展品都見證了人類文明的演變，讓參觀者感受到歷史的深遠。 / 這次旅行中的每一個瞬間都是一段難忘回憶的見證，讓她時時想起當時的快樂。 / 社區活動吸引了大量居民參與，他們的熱情見證了這個地方的團結與關愛。,vs-t/N,一個見證人 / 重要的見證 / 提供見證 / 作為見證 / 可靠的見證 / 清晰的見證 / 見證歷史 / 决定性的見證 / 珍貴的見證 / 描述見證
1378,當場目睹而可以作證的人或可以作為證據的物品。[例]事發時他正好路過該處，可為這場車禍見證。,講理,A witness; a person or thing that can provide testimony or evidence based on direct observation.,當場目睹某個事件的人或可以作為證據的物品。,法庭上，他是一個重要的見證人，能夠提供關鍵的證據。 / 在這場比賽中，選手們的努力和汗水都是實現夢想的珍貴見證。 / 這段錄影帶成為了事件發生時的清晰見證，讓人們了解真相。 / 每一位參加者的分享都是對這個活動成功的見證，讓大家更加珍惜這份經歷。 / 他們的友情經歷了多年的考驗，成為彼此生命中的美好見證。 / 在咖啡廳裡，一位顧客的微笑默默見證了這家店的溫馨氛圍。 / 這本相冊記錄了家族的點滴歷史，成為每個成員之間情感的可靠見證。 / 她在演講中提到的每一個故事都是對自己奮鬥過程的真實見證，激勵了在場的每一個人。 / 博物館中的每一件展品都見證了人類文明的演變，讓參觀者感受到歷史的深遠。 / 這次旅行中的每一個瞬間都是一段難忘回憶的見證，讓她時時想起當時的快樂。 / 社區活動吸引了大量居民參與，他們的熱情見證了這個地方的團結與關愛。,vs-t/N,一個見證人 / 重要的見證 / 提供見證 / 作為見證 / 可靠的見證 / 清晰的見證 / 見證歷史 / 决定性的見證 / 珍貴的見證 / 描述見證
1378,,講理,,,,,
1379,當場目睹而可以作證的人或可以作為證據的物品。[例]事發時他正好路過該處，可為這場車禍見證。,降臨,A witness; a person or thing that can provide testimony or evidence based on direct observation.,當場目睹某個事件的人或可以作為證據的物品。,法庭上，他是一個重要的見證人，能夠提供關鍵的證據。 / 在這場比賽中，選手們的努力和汗水都是實現夢想的珍貴見證。 / 這段錄影帶成為了事件發生時的清晰見證，讓人們了解真相。 / 每一位參加者的分享都是對這個活動成功的見證，讓大家更加珍惜這份經歷。 / 他們的友情經歷了多年的考驗，成為彼此生命中的美好見證。 / 在咖啡廳裡，一位顧客的微笑默默見證了這家店的溫馨氛圍。 / 這本相冊記錄了家族的點滴歷史，成為每個成員之間情感的可靠見證。 / 她在演講中提到的每一個故事都是對自己奮鬥過程的真實見證，激勵了在場的每一個人。 / 博物館中的每一件展品都見證了人類文明的演變，讓參觀者感受到歷史的深遠。 / 這次旅行中的每一個瞬間都是一段難忘回憶的見證，讓她時時想起當時的快樂。 / 社區活動吸引了大量居民參與，他們的熱情見證了這個地方的團結與關愛。,vs-t/N,一個見證人 / 重要的見證 / 提供見證 / 作為見證 / 可靠的見證 / 清晰的見證 / 見證歷史 / 决定性的見證 / 珍貴的見證 / 描述見證
1380,當場目睹而可以作證的人或可以作為證據的物品。[例]事發時他正好路過該處，可為這場車禍見證。,將領,A witness; a person or thing that can provide testimony or evidence based on direct observation.,當場目睹某個事件的人或可以作為證據的物品。,法庭上，他是一個重要的見證人，能夠提供關鍵的證據。 / 在這場比賽中，選手們的努力和汗水都是實現夢想的珍貴見證。 / 這段錄影帶成為了事件發生時的清晰見證，讓人們了解真相。 / 每一位參加者的分享都是對這個活動成功的見證，讓大家更加珍惜這份經歷。 / 他們的友情經歷了多年的考驗，成為彼此生命中的美好見證。 / 在咖啡廳裡，一位顧客的微笑默默見證了這家店的溫馨氛圍。 / 這本相冊記錄了家族的點滴歷史，成為每個成員之間情感的可靠見證。 / 她在演講中提到的每一個故事都是對自己奮鬥過程的真實見證，激勵了在場的每一個人。 / 博物館中的每一件展品都見證了人類文明的演變，讓參觀者感受到歷史的深遠。 / 這次旅行中的每一個瞬間都是一段難忘回憶的見證，讓她時時想起當時的快樂。 / 社區活動吸引了大量居民參與，他們的熱情見證了這個地方的團結與關愛。,vs-t/N,一個見證人 / 重要的見證 / 提供見證 / 作為見證 / 可靠的見證 / 清晰的見證 / 見證歷史 / 决定性的見證 / 珍貴的見證 / 描述見證
1381,當場目睹而可以作證的人或可以作為證據的物品。[例]事發時他正好路過該處，可為這場車禍見證。,講求,A witness; a person or thing that can provide testimony or evidence based on direct observation.,當場目睹某個事件的人或可以作為證據的物品。,法庭上，他是一個重要的見證人，能夠提供關鍵的證據。 / 在這場比賽中，選手們的努力和汗水都是實現夢想的珍貴見證。 / 這段錄影帶成為了事件發生時的清晰見證，讓人們了解真相。 / 每一位參加者的分享都是對這個活動成功的見證，讓大家更加珍惜這份經歷。 / 他們的友情經歷了多年的考驗，成為彼此生命中的美好見證。 / 在咖啡廳裡，一位顧客的微笑默默見證了這家店的溫馨氛圍。 / 這本相冊記錄了家族的點滴歷史，成為每個成員之間情感的可靠見證。 / 她在演講中提到的每一個故事都是對自己奮鬥過程的真實見證，激勵了在場的每一個人。 / 博物館中的每一件展品都見證了人類文明的演變，讓參觀者感受到歷史的深遠。 / 這次旅行中的每一個瞬間都是一段難忘回憶的見證，讓她時時想起當時的快樂。 / 社區活動吸引了大量居民參與，他們的熱情見證了這個地方的團結與關愛。,vs-t/N,一個見證人 / 重要的見證 / 提供見證 / 作為見證 / 可靠的見證 / 清晰的見證 / 見證歷史 / 决定性的見證 / 珍貴的見證 / 描述見證
1382,當場目睹而可以作證的人或可以作為證據的物品。[例]事發時他正好路過該處，可為這場車禍見證。,江山,A witness; a person or thing that can provide testimony or evidence based on direct observation.,當場目睹某個事件的人或可以作為證據的物品。,法庭上，他是一個重要的見證人，能夠提供關鍵的證據。 / 在這場比賽中，選手們的努力和汗水都是實現夢想的珍貴見證。 / 這段錄影帶成為了事件發生時的清晰見證，讓人們了解真相。 / 每一位參加者的分享都是對這個活動成功的見證，讓大家更加珍惜這份經歷。 / 他們的友情經歷了多年的考驗，成為彼此生命中的美好見證。 / 在咖啡廳裡，一位顧客的微笑默默見證了這家店的溫馨氛圍。 / 這本相冊記錄了家族的點滴歷史，成為每個成員之間情感的可靠見證。 / 她在演講中提到的每一個故事都是對自己奮鬥過程的真實見證，激勵了在場的每一個人。 / 博物館中的每一件展品都見證了人類文明的演變，讓參觀者感受到歷史的深遠。 / 這次旅行中的每一個瞬間都是一段難忘回憶的見證，讓她時時想起當時的快樂。 / 社區活動吸引了大量居民參與，他們的熱情見證了這個地方的團結與關愛。,vs-t/N,一個見證人 / 重要的見證 / 提供見證 / 作為見證 / 可靠的見證 / 清晰的見證 / 見證歷史 / 决定性的見證 / 珍貴的見證 / 描述見證
1383,當場目睹而可以作證的人或可以作為證據的物品。[例]事發時他正好路過該處，可為這場車禍見證。,獎賞,A witness; a person or thing that can provide testimony or evidence based on direct observation.,當場目睹某個事件的人或可以作為證據的物品。,法庭上，他是一個重要的見證人，能夠提供關鍵的證據。 / 在這場比賽中，選手們的努力和汗水都是實現夢想的珍貴見證。 / 這段錄影帶成為了事件發生時的清晰見證，讓人們了解真相。 / 每一位參加者的分享都是對這個活動成功的見證，讓大家更加珍惜這份經歷。 / 他們的友情經歷了多年的考驗，成為彼此生命中的美好見證。 / 在咖啡廳裡，一位顧客的微笑默默見證了這家店的溫馨氛圍。 / 這本相冊記錄了家族的點滴歷史，成為每個成員之間情感的可靠見證。 / 她在演講中提到的每一個故事都是對自己奮鬥過程的真實見證，激勵了在場的每一個人。 / 博物館中的每一件展品都見證了人類文明的演變，讓參觀者感受到歷史的深遠。 / 這次旅行中的每一個瞬間都是一段難忘回憶的見證，讓她時時想起當時的快樂。 / 社區活動吸引了大量居民參與，他們的熱情見證了這個地方的團結與關愛。,vs-t/N,一個見證人 / 重要的見證 / 提供見證 / 作為見證 / 可靠的見證 / 清晰的見證 / 見證歷史 / 决定性的見證 / 珍貴的見證 / 描述見證
1384,當場目睹而可以作證的人或可以作為證據的物品。[例]事發時他正好路過該處，可為這場車禍見證。,講師,A witness; a person or thing that can provide testimony or evidence based on direct observation.,當場目睹某個事件的人或可以作為證據的物品。,法庭上，他是一個重要的見證人，能夠提供關鍵的證據。 / 在這場比賽中，選手們的努力和汗水都是實現夢想的珍貴見證。 / 這段錄影帶成為了事件發生時的清晰見證，讓人們了解真相。 / 每一位參加者的分享都是對這個活動成功的見證，讓大家更加珍惜這份經歷。 / 他們的友情經歷了多年的考驗，成為彼此生命中的美好見證。 / 在咖啡廳裡，一位顧客的微笑默默見證了這家店的溫馨氛圍。 / 這本相冊記錄了家族的點滴歷史，成為每個成員之間情感的可靠見證。 / 她在演講中提到的每一個故事都是對自己奮鬥過程的真實見證，激勵了在場的每一個人。 / 博物館中的每一件展品都見證了人類文明的演變，讓參觀者感受到歷史的深遠。 / 這次旅行中的每一個瞬間都是一段難忘回憶的見證，讓她時時想起當時的快樂。 / 社區活動吸引了大量居民參與，他們的熱情見證了這個地方的團結與關愛。,vs-t/N,一個見證人 / 重要的見證 / 提供見證 / 作為見證 / 可靠的見證 / 清晰的見證 / 見證歷史 / 决定性的見證 / 珍貴的見證 / 描述見證
1385,當場目睹而可以作證的人或可以作為證據的物品。[例]事發時他正好路過該處，可為這場車禍見證。,講述,A witness; a person or thing that can provide testimony or evidence based on direct observation.,當場目睹某個事件的人或可以作為證據的物品。,法庭上，他是一個重要的見證人，能夠提供關鍵的證據。 / 在這場比賽中，選手們的努力和汗水都是實現夢想的珍貴見證。 / 這段錄影帶成為了事件發生時的清晰見證，讓人們了解真相。 / 每一位參加者的分享都是對這個活動成功的見證，讓大家更加珍惜這份經歷。 / 他們的友情經歷了多年的考驗，成為彼此生命中的美好見證。 / 在咖啡廳裡，一位顧客的微笑默默見證了這家店的溫馨氛圍。 / 這本相冊記錄了家族的點滴歷史，成為每個成員之間情感的可靠見證。 / 她在演講中提到的每一個故事都是對自己奮鬥過程的真實見證，激勵了在場的每一個人。 / 博物館中的每一件展品都見證了人類文明的演變，讓參觀者感受到歷史的深遠。 / 這次旅行中的每一個瞬間都是一段難忘回憶的見證，讓她時時想起當時的快樂。 / 社區活動吸引了大量居民參與，他們的熱情見證了這個地方的團結與關愛。,vs-t/N,一個見證人 / 重要的見證 / 提供見證 / 作為見證 / 可靠的見證 / 清晰的見證 / 見證歷史 / 决定性的見證 / 珍貴的見證 / 描述見證
1386,當場目睹而可以作證的人或可以作為證據的物品。[例]事發時他正好路過該處，可為這場車禍見證。,獎項,A witness; a person or thing that can provide testimony or evidence based on direct observation.,當場目睹某個事件的人或可以作為證據的物品。,法庭上，他是一個重要的見證人，能夠提供關鍵的證據。 / 在這場比賽中，選手們的努力和汗水都是實現夢想的珍貴見證。 / 這段錄影帶成為了事件發生時的清晰見證，讓人們了解真相。 / 每一位參加者的分享都是對這個活動成功的見證，讓大家更加珍惜這份經歷。 / 他們的友情經歷了多年的考驗，成為彼此生命中的美好見證。 / 在咖啡廳裡，一位顧客的微笑默默見證了這家店的溫馨氛圍。 / 這本相冊記錄了家族的點滴歷史，成為每個成員之間情感的可靠見證。 / 她在演講中提到的每一個故事都是對自己奮鬥過程的真實見證，激勵了在場的每一個人。 / 博物館中的每一件展品都見證了人類文明的演變，讓參觀者感受到歷史的深遠。 / 這次旅行中的每一個瞬間都是一段難忘回憶的見證，讓她時時想起當時的快樂。 / 社區活動吸引了大量居民參與，他們的熱情見證了這個地方的團結與關愛。,vs-t/N,一個見證人 / 重要的見證 / 提供見證 / 作為見證 / 可靠的見證 / 清晰的見證 / 見證歷史 / 决定性的見證 / 珍貴的見證 / 描述見證
1387,當場目睹而可以作證的人或可以作為證據的物品。[例]事發時他正好路過該處，可為這場車禍見證。,僵硬,A witness; a person or thing that can provide testimony or evidence based on direct observation.,當場目睹某個事件的人或可以作為證據的物品。,法庭上，他是一個重要的見證人，能夠提供關鍵的證據。 / 在這場比賽中，選手們的努力和汗水都是實現夢想的珍貴見證。 / 這段錄影帶成為了事件發生時的清晰見證，讓人們了解真相。 / 每一位參加者的分享都是對這個活動成功的見證，讓大家更加珍惜這份經歷。 / 他們的友情經歷了多年的考驗，成為彼此生命中的美好見證。 / 在咖啡廳裡，一位顧客的微笑默默見證了這家店的溫馨氛圍。 / 這本相冊記錄了家族的點滴歷史，成為每個成員之間情感的可靠見證。 / 她在演講中提到的每一個故事都是對自己奮鬥過程的真實見證，激勵了在場的每一個人。 / 博物館中的每一件展品都見證了人類文明的演變，讓參觀者感受到歷史的深遠。 / 這次旅行中的每一個瞬間都是一段難忘回憶的見證，讓她時時想起當時的快樂。 / 社區活動吸引了大量居民參與，他們的熱情見證了這個地方的團結與關愛。,vs-t/N,一個見證人 / 重要的見證 / 提供見證 / 作為見證 / 可靠的見證 / 清晰的見證 / 見證歷史 / 决定性的見證 / 珍貴的見證 / 描述見證
1387,,僵硬,,,,,
1388,當場目睹而可以作證的人或可以作為證據的物品。[例]事發時他正好路過該處，可為這場車禍見證。,講座,A witness; a person or thing that can provide testimony or evidence based on direct observation.,當場目睹某個事件的人或可以作為證據的物品。,法庭上，他是一個重要的見證人，能夠提供關鍵的證據。 / 在這場比賽中，選手們的努力和汗水都是實現夢想的珍貴見證。 / 這段錄影帶成為了事件發生時的清晰見證，讓人們了解真相。 / 每一位參加者的分享都是對這個活動成功的見證，讓大家更加珍惜這份經歷。 / 他們的友情經歷了多年的考驗，成為彼此生命中的美好見證。 / 在咖啡廳裡，一位顧客的微笑默默見證了這家店的溫馨氛圍。 / 這本相冊記錄了家族的點滴歷史，成為每個成員之間情感的可靠見證。 / 她在演講中提到的每一個故事都是對自己奮鬥過程的真實見證，激勵了在場的每一個人。 / 博物館中的每一件展品都見證了人類文明的演變，讓參觀者感受到歷史的深遠。 / 這次旅行中的每一個瞬間都是一段難忘回憶的見證，讓她時時想起當時的快樂。 / 社區活動吸引了大量居民參與，他們的熱情見證了這個地方的團結與關愛。,vs-t/N,一個見證人 / 重要的見證 / 提供見證 / 作為見證 / 可靠的見證 / 清晰的見證 / 見證歷史 / 决定性的見證 / 珍貴的見證 / 描述見證
1389,當場目睹而可以作證的人或可以作為證據的物品。[例]事發時他正好路過該處，可為這場車禍見證。,絞,A witness; a person or thing that can provide testimony or evidence based on direct observation.,當場目睹某個事件的人或可以作為證據的物品。,法庭上，他是一個重要的見證人，能夠提供關鍵的證據。 / 在這場比賽中，選手們的努力和汗水都是實現夢想的珍貴見證。 / 這段錄影帶成為了事件發生時的清晰見證，讓人們了解真相。 / 每一位參加者的分享都是對這個活動成功的見證，讓大家更加珍惜這份經歷。 / 他們的友情經歷了多年的考驗，成為彼此生命中的美好見證。 / 在咖啡廳裡，一位顧客的微笑默默見證了這家店的溫馨氛圍。 / 這本相冊記錄了家族的點滴歷史，成為每個成員之間情感的可靠見證。 / 她在演講中提到的每一個故事都是對自己奮鬥過程的真實見證，激勵了在場的每一個人。 / 博物館中的每一件展品都見證了人類文明的演變，讓參觀者感受到歷史的深遠。 / 這次旅行中的每一個瞬間都是一段難忘回憶的見證，讓她時時想起當時的快樂。 / 社區活動吸引了大量居民參與，他們的熱情見證了這個地方的團結與關愛。,vs-t/N,一個見證人 / 重要的見證 / 提供見證 / 作為見證 / 可靠的見證 / 清晰的見證 / 見證歷史 / 决定性的見證 / 珍貴的見證 / 描述見證
1389,,絞,,,,,
1390,當場目睹而可以作證的人或可以作為證據的物品。[例]事發時他正好路過該處，可為這場車禍見證。,繳,A witness; a person or thing that can provide testimony or evidence based on direct observation.,當場目睹某個事件的人或可以作為證據的物品。,法庭上，他是一個重要的見證人，能夠提供關鍵的證據。 / 在這場比賽中，選手們的努力和汗水都是實現夢想的珍貴見證。 / 這段錄影帶成為了事件發生時的清晰見證，讓人們了解真相。 / 每一位參加者的分享都是對這個活動成功的見證，讓大家更加珍惜這份經歷。 / 他們的友情經歷了多年的考驗，成為彼此生命中的美好見證。 / 在咖啡廳裡，一位顧客的微笑默默見證了這家店的溫馨氛圍。 / 這本相冊記錄了家族的點滴歷史，成為每個成員之間情感的可靠見證。 / 她在演講中提到的每一個故事都是對自己奮鬥過程的真實見證，激勵了在場的每一個人。 / 博物館中的每一件展品都見證了人類文明的演變，讓參觀者感受到歷史的深遠。 / 這次旅行中的每一個瞬間都是一段難忘回憶的見證，讓她時時想起當時的快樂。 / 社區活動吸引了大量居民參與，他們的熱情見證了這個地方的團結與關愛。,vs-t/N,一個見證人 / 重要的見證 / 提供見證 / 作為見證 / 可靠的見證 / 清晰的見證 / 見證歷史 / 决定性的見證 / 珍貴的見證 / 描述見證
1391,當場目睹而可以作證的人或可以作為證據的物品。[例]事發時他正好路過該處，可為這場車禍見證。,澆,A witness; a person or thing that can provide testimony or evidence based on direct observation.,當場目睹某個事件的人或可以作為證據的物品。,法庭上，他是一個重要的見證人，能夠提供關鍵的證據。 / 在這場比賽中，選手們的努力和汗水都是實現夢想的珍貴見證。 / 這段錄影帶成為了事件發生時的清晰見證，讓人們了解真相。 / 每一位參加者的分享都是對這個活動成功的見證，讓大家更加珍惜這份經歷。 / 他們的友情經歷了多年的考驗，成為彼此生命中的美好見證。 / 在咖啡廳裡，一位顧客的微笑默默見證了這家店的溫馨氛圍。 / 這本相冊記錄了家族的點滴歷史，成為每個成員之間情感的可靠見證。 / 她在演講中提到的每一個故事都是對自己奮鬥過程的真實見證，激勵了在場的每一個人。 / 博物館中的每一件展品都見證了人類文明的演變，讓參觀者感受到歷史的深遠。 / 這次旅行中的每一個瞬間都是一段難忘回憶的見證，讓她時時想起當時的快樂。 / 社區活動吸引了大量居民參與，他們的熱情見證了這個地方的團結與關愛。,vs-t/N,一個見證人 / 重要的見證 / 提供見證 / 作為見證 / 可靠的見證 / 清晰的見證 / 見證歷史 / 决定性的見證 / 珍貴的見證 / 描述見證
1392,當場目睹而可以作證的人或可以作為證據的物品。[例]事發時他正好路過該處，可為這場車禍見證。,焦,A witness; a person or thing that can provide testimony or evidence based on direct observation.,當場目睹某個事件的人或可以作為證據的物品。,法庭上，他是一個重要的見證人，能夠提供關鍵的證據。 / 在這場比賽中，選手們的努力和汗水都是實現夢想的珍貴見證。 / 這段錄影帶成為了事件發生時的清晰見證，讓人們了解真相。 / 每一位參加者的分享都是對這個活動成功的見證，讓大家更加珍惜這份經歷。 / 他們的友情經歷了多年的考驗，成為彼此生命中的美好見證。 / 在咖啡廳裡，一位顧客的微笑默默見證了這家店的溫馨氛圍。 / 這本相冊記錄了家族的點滴歷史，成為每個成員之間情感的可靠見證。 / 她在演講中提到的每一個故事都是對自己奮鬥過程的真實見證，激勵了在場的每一個人。 / 博物館中的每一件展品都見證了人類文明的演變，讓參觀者感受到歷史的深遠。 / 這次旅行中的每一個瞬間都是一段難忘回憶的見證，讓她時時想起當時的快樂。 / 社區活動吸引了大量居民參與，他們的熱情見證了這個地方的團結與關愛。,vs-t/N,一個見證人 / 重要的見證 / 提供見證 / 作為見證 / 可靠的見證 / 清晰的見證 / 見證歷史 / 决定性的見證 / 珍貴的見證 / 描述見證
1393,當場目睹而可以作證的人或可以作為證據的物品。[例]事發時他正好路過該處，可為這場車禍見證。,嚼,A witness; a person or thing that can provide testimony or evidence based on direct observation.,當場目睹某個事件的人或可以作為證據的物品。,法庭上，他是一個重要的見證人，能夠提供關鍵的證據。 / 在這場比賽中，選手們的努力和汗水都是實現夢想的珍貴見證。 / 這段錄影帶成為了事件發生時的清晰見證，讓人們了解真相。 / 每一位參加者的分享都是對這個活動成功的見證，讓大家更加珍惜這份經歷。 / 他們的友情經歷了多年的考驗，成為彼此生命中的美好見證。 / 在咖啡廳裡，一位顧客的微笑默默見證了這家店的溫馨氛圍。 / 這本相冊記錄了家族的點滴歷史，成為每個成員之間情感的可靠見證。 / 她在演講中提到的每一個故事都是對自己奮鬥過程的真實見證，激勵了在場的每一個人。 / 博物館中的每一件展品都見證了人類文明的演變，讓參觀者感受到歷史的深遠。 / 這次旅行中的每一個瞬間都是一段難忘回憶的見證，讓她時時想起當時的快樂。 / 社區活動吸引了大量居民參與，他們的熱情見證了這個地方的團結與關愛。,vs-t/N,一個見證人 / 重要的見證 / 提供見證 / 作為見證 / 可靠的見證 / 清晰的見證 / 見證歷史 / 决定性的見證 / 珍貴的見證 / 描述見證
1394,當場目睹而可以作證的人或可以作為證據的物品。[例]事發時他正好路過該處，可為這場車禍見證。,交叉,A witness; a person or thing that can provide testimony or evidence based on direct observation.,當場目睹某個事件的人或可以作為證據的物品。,法庭上，他是一個重要的見證人，能夠提供關鍵的證據。 / 在這場比賽中，選手們的努力和汗水都是實現夢想的珍貴見證。 / 這段錄影帶成為了事件發生時的清晰見證，讓人們了解真相。 / 每一位參加者的分享都是對這個活動成功的見證，讓大家更加珍惜這份經歷。 / 他們的友情經歷了多年的考驗，成為彼此生命中的美好見證。 / 在咖啡廳裡，一位顧客的微笑默默見證了這家店的溫馨氛圍。 / 這本相冊記錄了家族的點滴歷史，成為每個成員之間情感的可靠見證。 / 她在演講中提到的每一個故事都是對自己奮鬥過程的真實見證，激勵了在場的每一個人。 / 博物館中的每一件展品都見證了人類文明的演變，讓參觀者感受到歷史的深遠。 / 這次旅行中的每一個瞬間都是一段難忘回憶的見證，讓她時時想起當時的快樂。 / 社區活動吸引了大量居民參與，他們的熱情見證了這個地方的團結與關愛。,vs-t/N,一個見證人 / 重要的見證 / 提供見證 / 作為見證 / 可靠的見證 / 清晰的見證 / 見證歷史 / 决定性的見證 / 珍貴的見證 / 描述見證
1395,當場目睹而可以作證的人或可以作為證據的物品。[例]事發時他正好路過該處，可為這場車禍見證。,轎車,A witness; a person or thing that can provide testimony or evidence based on direct observation.,當場目睹某個事件的人或可以作為證據的物品。,法庭上，他是一個重要的見證人，能夠提供關鍵的證據。 / 在這場比賽中，選手們的努力和汗水都是實現夢想的珍貴見證。 / 這段錄影帶成為了事件發生時的清晰見證，讓人們了解真相。 / 每一位參加者的分享都是對這個活動成功的見證，讓大家更加珍惜這份經歷。 / 他們的友情經歷了多年的考驗，成為彼此生命中的美好見證。 / 在咖啡廳裡，一位顧客的微笑默默見證了這家店的溫馨氛圍。 / 這本相冊記錄了家族的點滴歷史，成為每個成員之間情感的可靠見證。 / 她在演講中提到的每一個故事都是對自己奮鬥過程的真實見證，激勵了在場的每一個人。 / 博物館中的每一件展品都見證了人類文明的演變，讓參觀者感受到歷史的深遠。 / 這次旅行中的每一個瞬間都是一段難忘回憶的見證，讓她時時想起當時的快樂。 / 社區活動吸引了大量居民參與，他們的熱情見證了這個地方的團結與關愛。,vs-t/N,一個見證人 / 重要的見證 / 提供見證 / 作為見證 / 可靠的見證 / 清晰的見證 / 見證歷史 / 决定性的見證 / 珍貴的見證 / 描述見證
1396,當場目睹而可以作證的人或可以作為證據的物品。[例]事發時他正好路過該處，可為這場車禍見證。,交錯,A witness; a person or thing that can provide testimony or evidence based on direct observation.,當場目睹某個事件的人或可以作為證據的物品。,法庭上，他是一個重要的見證人，能夠提供關鍵的證據。 / 在這場比賽中，選手們的努力和汗水都是實現夢想的珍貴見證。 / 這段錄影帶成為了事件發生時的清晰見證，讓人們了解真相。 / 每一位參加者的分享都是對這個活動成功的見證，讓大家更加珍惜這份經歷。 / 他們的友情經歷了多年的考驗，成為彼此生命中的美好見證。 / 在咖啡廳裡，一位顧客的微笑默默見證了這家店的溫馨氛圍。 / 這本相冊記錄了家族的點滴歷史，成為每個成員之間情感的可靠見證。 / 她在演講中提到的每一個故事都是對自己奮鬥過程的真實見證，激勵了在場的每一個人。 / 博物館中的每一件展品都見證了人類文明的演變，讓參觀者感受到歷史的深遠。 / 這次旅行中的每一個瞬間都是一段難忘回憶的見證，讓她時時想起當時的快樂。 / 社區活動吸引了大量居民參與，他們的熱情見證了這個地方的團結與關愛。,vs-t/N,一個見證人 / 重要的見證 / 提供見證 / 作為見證 / 可靠的見證 / 清晰的見證 / 見證歷史 / 决定性的見證 / 珍貴的見證 / 描述見證
1397,交與、付給。[例]主管交付的任務，部屬不得藉故推辭。,交付,"To hand over or deliver something, typically referring to assignments or tasks.",把某物或某項任務交給他人，期望對方完成。,主管交付的任務必須在一周內完成。 / 她向同事交付了重要的報告，希望能得到及時的反饋。 / 客戶期待著我們能如期交付承諾的產品。 / 這份合約中明確規定了交付的時間和方法。 / 在會議上，經理強調了準時交付對公司聲譽的重要性。 / 在項目進行過程中，團隊成員必須定期交付進度報告。 / 新任領導將更多的責任交付給年輕員工，以培養他們的能力。 / 客戶對於這次專案的交付質量提出了更高的要求，希望我們不負期望。 / 計畫書中詳細列出了各階段的交付成果和評估標準。 / 在交付物品之前，我們需要進行嚴格的質量檢查。 / 為了確保順利交付，物流部門已經提前安排了運輸計畫。,va-t,交付任務 / 交付報告 / 交付責任 / 交付計畫 / 交付成果 / 交付時間 / 交付物品 / 交付款項 / 當面交付 / 定期交付
1398,大聲呼叫。[例]小時候他喜歡爬到樹上對著天空大聲叫喊。,叫喊,To shout or yell loudly.,大聲地呼喊或叫出聲音。,在球場上，球迷們大聲叫喊，為他們喜愛的隊伍加油。 / 孩子們在公園裡快樂地叫喊，享受著這個美好的午後。 / 隨著煙火在夜空中綻放，人群不約而同地叫喊著「好美！」 / 在電影結束時，觀眾們熱情地叫喊，表達對演員的喜愛。 / 當小狗跑丟的時候，女孩焦急地叫喊著牠的名字，希望牠能回來。 / 在音樂會上，樂迷們激動叫喊，希望能讓歌手再唱一首。 / 夜市裡，攤販們大聲叫喊，招呼顧客來品嚐美食。 / 在校園裡，同學們一起叫喊，慶祝考試過關的好消息。 / 每當看到極光時，旅客們驚嘆地叫喊，無法相信眼前的美景。 / 在比賽中，觀眾們不停叫喊，為選手們的精彩表現喝彩。 / 雖然已經很晚了，但小孩子們依然在外面叫喊，享受著難得的假期。,va-i,大聲叫喊 / 瘋狂叫喊 / 齊聲叫喊 / 盡情叫喊 / 不停叫喊 / 激動叫喊 / 突然叫喊 / 一起叫喊 / 孩子叫喊 / 情緒叫喊
1399,對於精彩的表演大聲喝采、喊「好」，表示讚賞。[例]他的口技表演真是唯妙唯肖，在場的觀眾莫不大聲叫好。,叫好,"To applaud loudly in appreciation for a performance, indicating recognition of its excellence.",對於精彩的表演大聲喝采，表示讚賞。,在音樂會結束時，觀眾紛紛叫好，表示對演出的滿意。 / 小孩們的舞蹈表演讓父母感到驚喜，大家都叫好不已。 / 這部電影的精彩情節使觀眾叫好，大家都期待續集的推出。 / 比賽中，選手們的表現讓現場觀眾叫好，氣氛熱烈。 / 當藝術家完成他的畫作時，旁觀者都忍不住叫好，讚嘆他的技藝。 / 這位新進歌手的獨特風格讓評審們叫好，未來可期。 / 在校園音樂節上，學生們的合唱引起了觀眾的共鳴，大家都叫好拍手。 / 老師的精彩講解讓學生們深受啟發，課堂結束時大家都叫好。 / 這位魔術師的絕技令人驚嘆，演出結束時觀眾紛紛叫好。 / 隨著舞台劇的高潮劇情展開，觀眾們都叫好，感受到劇情的張力。 / 這場體育賽事中，選手的驚人表現讓粉絲叫好，賽場氣氛異常高漲。,vp-t,觀眾叫好 / 表演叫好 / 演出叫好 / 音樂叫好 / 激情叫好 / 氛圍叫好 / 作品叫好 / 現場叫好 / 創意叫好 / 大家叫好
1400,對於精彩的表演大聲喝采、喊「好」，表示讚賞。[例]他的口技表演真是唯妙唯肖，在場的觀眾莫不大聲叫好。,交互,"To applaud loudly in appreciation for a performance, indicating recognition of its excellence.",對於精彩的表演大聲喝采，表示讚賞。,在音樂會結束時，觀眾紛紛叫好，表示對演出的滿意。 / 小孩們的舞蹈表演讓父母感到驚喜，大家都叫好不已。 / 這部電影的精彩情節使觀眾叫好，大家都期待續集的推出。 / 比賽中，選手們的表現讓現場觀眾叫好，氣氛熱烈。 / 當藝術家完成他的畫作時，旁觀者都忍不住叫好，讚嘆他的技藝。 / 這位新進歌手的獨特風格讓評審們叫好，未來可期。 / 在校園音樂節上，學生們的合唱引起了觀眾的共鳴，大家都叫好拍手。 / 老師的精彩講解讓學生們深受啟發，課堂結束時大家都叫好。 / 這位魔術師的絕技令人驚嘆，演出結束時觀眾紛紛叫好。 / 隨著舞台劇的高潮劇情展開，觀眾們都叫好，感受到劇情的張力。 / 這場體育賽事中，選手的驚人表現讓粉絲叫好，賽場氣氛異常高漲。,vp-t,觀眾叫好 / 表演叫好 / 演出叫好 / 音樂叫好 / 激情叫好 / 氛圍叫好 / 作品叫好 / 現場叫好 / 創意叫好 / 大家叫好
